No.,ポケモン名,英語名,英語名（カナ）,タイプ,CP,HP,AT,DF,世代,実装済,色違い,シャドウ,♂,♀,進化
1,フシギダネ,bulbasaur,バルバソァー,"くさ,どく",1115,128,118,111,1,◯,◯,◯,◯,◯,1
2,フシギソウ,ivysaur,アイヴィソァー,"くさ,どく",1699,155,151,143,1,◯,◯,◯,◯,◯,2
3,フシギバナ,venusaur,ヴィーナソァー,"くさ,どく",2720,190,198,189,1,◯,◯,◯,◯,◯,3
4,ヒトカゲ,charmander,チャーマンダー,ほのお,980,118,116,93,1,◯,◯,◯,◯,◯,1
5,リザード,charmeleon,チャーミリオン,ほのお,1653,151,158,126,1,◯,◯,◯,◯,◯,2
6,リザードン,charizard,チャリザード,"ほのお,ひこう",2889,186,223,173,1,◯,◯,◯,◯,◯,3
7,ゼニガメ,squirtle,スクヮートル,みず,946,127,94,121,1,◯,◯,◯,◯,◯,1
8,カメール,wartortle,ウォータートル,みず,1488,153,126,155,1,◯,◯,◯,◯,◯,2
9,カメックス,blastoise,ブラストイズ,みず,2466,188,171,207,1,◯,◯,◯,◯,◯,3
10,キャタピー,caterpie,キャタピー,むし,437,128,55,55,1,◯,◯,-,◯,◯,1
11,トランセル,merapod,メタポッド,むし,450,137,45,80,1,◯,◯,-,◯,◯,2
12,バタフリー,butterfree,バタフリー,"むし,ひこう",1827,155,167,137,1,◯,◯,-,◯,◯,3
13,ビードル,weedle,ウィードル,"むし,どく",456,120,63,50,1,◯,-,-,◯,◯,1
14,コクーン,kakuna,カクーナ,"むし,どく",432,128,46,75,1,◯,-,-,◯,◯,2
15,スピアー,beedrill,ビードリル,"むし,どく",1846,163,169,130,1,◯,-,-,◯,◯,3
16,ポッポ,pidgey,ピジー,"ノーマル,ひこう",680,120,85,73,1,◯,◯,-,◯,◯,1
17,ピジョン,pidgeotto,ピジオト,"ノーマル,ひこう",1194,160,117,105,1,◯,◯,-,◯,◯,2
18,ピジョット,pidgeot,ピジオット,"ノーマル,ひこう",2129,195,166,154,1,◯,◯,-,◯,◯,3
19,コラッタ,rattata,ラタタ,ノーマル,734,102,103,70,1,◯,◯,◯,◯,◯,1
19,アローラコラッタ,rattata-alola,ラタタ,"あく,ノーマル",734,102,103,70,7,◯,◯,-,◯,◯,1
20,ラッタ,raticate,ラティケイト,ノーマル,1730,146,161,139,1,◯,◯,◯,◯,◯,2
20,アローララッタ,raticate-alola,ラティケイト,"あく,ノーマル",1705,181,135,154,7,◯,◯,-,◯,◯,2
21,オニスズメ,spearow,スピーロウ,"ノーマル,ひこう",798,120,112,60,1,◯,-,-,◯,◯,1
22,オニドリル,fearow,フィーロウ,"ノーマル,ひこう",1997,163,182,133,1,◯,-,-,◯,◯,2
23,アーボ,ekans,アカンス,どく,927,111,110,97,1,◯,◯,-,◯,◯,1
24,アーボック,arbok,アーボック,どく,1921,155,167,153,1,◯,◯,-,◯,◯,2
25,ピカチュウ,pikachu,ピカチュウ,でんき,938,111,112,96,1,◯,◯,-,◯,◯,1
26,ライチュウ,raichu,ライチュウ,でんき,2182,155,193,151,1,◯,◯,-,◯,◯,2
26,アローラライチュウ,raichu-alola,ライチュウ,"でんき,エスパー",2286,155,201,154,7,◯,◯,-,◯,◯,2
27,サンド,sandshrew,サンドスルー,じめん,1261,137,126,120,1,◯,◯,-,◯,◯,1
27,アローラサンド,sandshrew-alola,サンドスルー,"こおり,はがね",1293,137,125,129,7,◯,◯,-,◯,◯,1
28,サンドパン,sandslash,サンドスラッシュ,じめん,2374,181,182,175,1,◯,◯,-,◯,◯,2
28,アローラサンドパン,sandslash-alola,サンドスラッシュ,"こおり,はがね",2432,181,177,195,7,◯,◯,-,◯,◯,2
29,ニドラン♀,nidoran-f,ニドランフィメール,どく,816,146,86,89,1,◯,◯,-,-,◯,1
30,ニドリーナ,nidorina,ニドリナ,どく,1309,172,117,120,1,◯,◯,-,-,◯,2
31,ニドクイン,nidoqueen,ニドクイン,"どく,じめん",2488,207,180,173,1,◯,◯,-,-,◯,3
32,ニドラン♂,nidoran-m,ニドランメール,どく,860,130,105,76,1,◯,◯,-,◯,-,1
33,ニドリーノ,nidorino,ニドリノ,どく,1393,156,137,111,1,◯,◯,-,◯,-,2
34,ニドキング,nidoking,ニドキング,"どく,じめん",2567,191,204,156,1,◯,◯,-,◯,-,3
35,ピッピ,clefairy,クレフェアリー,フェアリー,1155,172,107,108,1,◯,◯,-,◯,◯,1
36,ピクシー,clefable,クレフェイブル,フェアリー,2437,216,178,162,1,◯,◯,-,◯,◯,2
37,ロコン,vulpix,ヴァルピクス,ほのお,883,116,96,109,1,◯,-,-,◯,◯,1
37,アローラロコン,vulpix-alola,ヴァルピクス,"こおり,フェアリー",883,116,96,109,7,◯,◯,-,◯,◯,1
38,キュウコン,ninetales,ナインテールズ,ほのお,2279,177,169,190,1,◯,-,-,◯,◯,2
38,アローラキュウコン,ninetales-alola,ナインテールズ,"こおり,フェアリー",2309,177,170,193,7,◯,◯,-,◯,◯,2
39,プリン,jigglypuff,ジグリーパフ,"ノーマル,フェアリー",724,251,80,41,1,◯,◯,-,◯,◯,1
40,プクリン,wigglytuff,ウィグリータフ,"ノーマル,フェアリー",1926,295,156,90,1,◯,◯,-,◯,◯,2
41,ズバット,zubat,ズバット,"どく,ひこう",667,120,83,73,1,◯,◯,◯,◯,◯,1
42,ゴルバット,golbat,ゴルバット,"どく,ひこう",1976,181,161,150,1,◯,◯,◯,◯,◯,2
43,ナゾノクサ,oddish,オーディッシュ,"くさ,どく",1228,128,131,112,1,◯,◯,-,◯,◯,1
44,クサイハナ,gloom,グルーム,"くさ,どく",1681,155,153,136,1,◯,◯,-,◯,◯,2
45,ラフレシア,vileplume,ヴァイルプルーム,"くさ,どく",2559,181,202,167,1,◯,◯,-,◯,◯,3
46,パラス,paras,パラス,"むし,くさ",1018,111,121,99,1,◯,-,-,◯,◯,1
47,パラセクト,parasect,パラセクト,"むし,くさ",1859,155,165,146,1,◯,-,-,◯,◯,2
48,コンパン,venonat,ヴェノナット,"むし,どく",1004,155,100,100,1,◯,-,-,◯,◯,1
49,モルフォン,venomoth,ヴェノモス,"むし,どく",2082,172,179,143,1,◯,-,-,◯,◯,2
50,ディグダ,diglett,ディグレット,じめん,676,67,109,78,1,◯,◯,-,◯,◯,1
50,アローラディグダ,diglett-alola,ディグレット,"じめん,はがね",681,67,108,81,7,◯,◯,-,◯,◯,1
51,ダグトリオ,dugtrio,ダグトリオ,じめん,1557,111,167,136,1,◯,◯,-,◯,◯,2
51,アローラダグトリオ,dugtrio-alola,ダグトリオ,"じめん,はがね",1915,111,201,142,7,◯,◯,-,◯,◯,2
52,ニャース,meowth,ミャオス,ノーマル,748,120,92,78,1,◯,◯,-,◯,◯,1
52,アローラニャース,meowth-alola,ミャオス,あく,797,120,99,78,7,◯,◯,-,◯,◯,1
52,ガラルニャース,meowth-galar,,はがね,,,,,,,,,,,
53,ペルシアン,persian,パージャン,ノーマル,1689,163,150,136,1,◯,◯,-,◯,◯,2
53,アローラペルシアン,persian-alola,パージャン,あく,1771,163,158,136,7,◯,◯,-,◯,◯,2
54,コダック,psyduck,サイダック,みず,1106,137,122,95,1,◯,◯,-,◯,◯,1
55,ゴルダック,golduck,ゴルダック,みず,2450,190,191,162,1,◯,◯,-,◯,◯,2
56,マンキー,mankey,マンキー,かくとう,1164,120,148,82,1,◯,◯,-,◯,◯,1
57,オコリザル,primeape,プライミープ,かくとう,2288,163,207,138,1,◯,◯,-,◯,◯,2
58,ガーディ,growlithe,グロウリズ,ほのお,1243,146,136,93,1,◯,◯,-,◯,◯,1
59,ウインディ,arcanine,アーキャナイン,ほのお,3029,207,227,166,1,◯,◯,-,◯,◯,2
60,ニョロモ,poliwag,ポリワグ,みず,829,120,101,82,1,◯,◯,◯,◯,◯,1
61,ニョロゾ,poliwhirl,ポリワール,みず,1419,163,130,123,1,◯,◯,◯,◯,◯,2
62,ニョロボン,polirath,ポリラス,"みず,かくとう",2586,207,182,184,1,◯,◯,◯,◯,◯,3
63,ケーシィ,abra,アブラ,エスパー,1342,93,195,82,1,◯,-,-,◯,◯,1
64,ユンゲラー,kadabra,カダブラ,エスパー,2059,120,232,117,1,◯,-,-,◯,◯,2
65,フーディン,alakazam,アラカザム,エスパー,3057,146,271,167,1,◯,-,-,◯,◯,3
66,ワンリキー,machop,マチョップ,かくとう,1278,172,137,82,1,◯,◯,-,◯,◯,1
67,ゴーリキー,machoke,マチョーク,かくとう,2031,190,177,125,1,◯,◯,-,◯,◯,2
68,カイリキー,machamp,マチャンプ,かくとう,3056,207,234,159,1,◯,◯,-,◯,◯,3
69,マダツボミ,bellsprout,ベルスプラウト,"くさ,どく",1033,137,139,61,1,◯,-,-,◯,◯,1
70,ウツドン,weepinbell,ウィーピンベル,"くさ,どく",1611,163,172,92,1,◯,-,-,◯,◯,2
71,ウツボット,victreebel,ヴィクトリーベル,"くさ,どく",2431,190,207,135,1,◯,-,-,◯,◯,3
72,メノクラゲ,tentacool,テンタクール,"みず,どく",1040,120,97,149,1,◯,◯,-,◯,◯,1
73,ドククラゲ,tentacruel,テンタクルー,"みず,どく",2422,190,166,209,1,◯,◯,-,◯,◯,2
74,イシツブテ,geodude,ジオデュード,"いわ,じめん",1293,120,132,132,1,◯,◯,-,◯,◯,1
74,アローライシツブテ,geodude-alola,ジオデュード,"いわ,でんき",1293,120,132,132,7,◯,◯,-,◯,◯,1
75,ゴローン,graveler,グラーヴラー,"いわ,じめん",1897,146,164,164,1,◯,◯,-,◯,◯,2
75,アローラゴローン,graveler-alola,グラーヴラー,"いわ,でんき",1897,146,164,164,7,◯,◯,-,◯,◯,2
76,ゴローニャ,golem,ゴーレム,"いわ,じめん",2949,190,211,198,1,◯,◯,-,◯,◯,3
76,アローラゴローニャ,golem-alola,ゴーレム,"いわ,でんき",2949,190,211,198,7,◯,◯,-,◯,◯,3
77,ポニータ,ponyta,ポニータ,ほのお,1697,137,170,127,1,◯,◯,-,◯,◯,1
77,ガラルポニータ,ponyta-galar,,エスパー,,,,,,,,,,,
78,ギャロップ,rapidash,ラピダッシュ,ほのお,2461,163,207,162,1,◯,◯,-,◯,◯,2
78,ガラルギャロップ,rapidash-galar,,エスパーフェアリー,,,,,,,,,,,
79,ヤドン,slowpoke,スローポーク,"みず,エスパー",1226,207,109,98,1,◯,-,-,◯,◯,1
80,ヤドラン,slowbro,スローブロ,"みず,エスパー",2545,216,177,180,1,◯,-,-,◯,◯,2
80,ガラルヤドラン,slowbro-galar,,どくエスパー,,,,,,,,,,,
81,コイル,magnemite,マグネマイト,"でんき,はがね",1362,93,165,121,1,◯,◯,-,-,-,1
82,レアコイル,magneton,マグネトン,"でんき,はがね",2485,137,223,169,1,◯,◯,-,-,-,2
83,カモネギ,farfetch'd,ファーフェチト,"ノーマル,ひこう",1236,141,124,115,1,◯,◯,-,◯,◯,1
83,ガラルカモネギ,farfetch'd-galar,,かくとう,,,,,,,,,,,
84,ドードー,doduo,ドーデュオ,"ノーマル,ひこう",1200,111,158,83,1,◯,-,-,◯,◯,1
85,ドードリオ,dodrio,ドードリオ,"ノーマル,ひこう",2362,155,218,140,1,◯,-,-,◯,◯,2
86,パウワウ,seel,シール,みず,971,163,85,121,1,◯,◯,-,◯,◯,1
87,ジュゴン,dewgong,デューゴング,"みず,こおり",1985,207,139,177,1,◯,◯,-,◯,◯,2
88,ベトベター,grimer,グライマー,どく,1374,190,135,90,1,◯,◯,◯,◯,◯,1
88,アローラベトベター,grimer-alola,グライマー,"どく,あく",1374,190,135,90,7,◯,◯,-,◯,◯,1
89,ベトベトン,muk,マク,どく,2757,233,190,172,1,◯,◯,◯,◯,◯,2
89,アローラベトベトン,muk-alola,マク,"どく,あく",2757,233,190,172,7,◯,◯,-,◯,◯,2
90,シェルダー,shellder,シェルダー,みず,1080,102,116,134,1,◯,◯,-,◯,◯,1
91,パルシェン,cloyster,クロイスター,"みず,こおり",2547,137,186,256,1,◯,◯,-,◯,◯,2
92,ゴース,gastly,ガストリー,"ゴースト,どく",1229,102,186,67,1,◯,◯,-,◯,◯,1
93,ゴースト,haunter,ホーンター,"ゴースト,どく",1963,128,223,107,1,◯,◯,-,◯,◯,2
94,ゲンガー,gengar,ゲンガー,"ゴースト,どく",2878,155,261,149,1,◯,◯,-,◯,◯,3
95,イワーク,onix,オニックス,"いわ,じめん",1101,111,85,232,1,◯,◯,-,◯,◯,1
96,スリープ,drowzee,ドロウジー,エスパー,1040,155,89,136,1,◯,◯,◯,◯,◯,1
97,スリーパー,hypno,ヒプノ,エスパー,2090,198,144,193,1,◯,◯,◯,◯,◯,2
98,クラブ,krabby,クラビィ,みず,1561,102,181,124,1,◯,◯,-,◯,◯,1
99,キングラー,kingler,キングラー,みず,2829,146,240,181,1,◯,◯,-,◯,◯,2
100,ビリリダマ,voltorb,ヴォルトーブ,でんき,1010,120,109,111,1,◯,-,-,-,-,1
101,マルマイン,electrode,イレクトロード,でんき,2099,155,173,173,1,◯,-,-,-,-,2
102,タマタマ,exeggcute,エグゼキュート,"くさ,エスパー",1175,155,107,125,1,◯,-,-,◯,◯,1
103,アローラナッシー,exeggutor-alola,エグゼギューター,"くさ,ドラゴン",3014,216,230,153,7,◯,◯,-,◯,◯,2
103,ナッシー,exeggutor,エグゼギューター,"くさ,エスパー",3014,216,233,149,1,◯,-,-,◯,◯,2
104,カラカラ,cubone,キュボーン,じめん,1019,137,90,144,1,◯,◯,◯,◯,◯,1
105,ガラガラ,marowak,マロワク,じめん,1835,155,144,186,1,◯,◯,◯,◯,◯,2
105,アローラガラガラ,marowak-alola,マロワク,"ほのお,ゴースト",1835,155,144,186,7,◯,◯,-,◯,◯,2
106,サワムラー,hitmonlee,ヒットモンリー,かくとう,2576,137,224,181,1,◯,-,-,◯,-,1
107,エビワラー,hitmonchan,ヒットモンチャン,かくとう,2332,137,193,197,1,◯,-,-,◯,-,1
108,ベロリンガ,lickitung,リキタング,ノーマル,1411,207,108,137,1,◯,-,-,◯,◯,1
109,ドガース,koffing,コフィング,どく,1214,120,119,141,1,◯,◯,-,◯,◯,1
110,マタドガス,weezing,ウィージング,どく,2293,163,174,197,1,◯,◯,-,◯,◯,2
110,ガラルマタドガス,weezing-galar,,どくフェアリー,,,,,,,,,,,
111,サイホーン,rhyhorn,ライホーン,"じめん,いわ",1651,190,140,127,1,◯,-,-,◯,◯,1
112,サイドン,rhydon,ライドン,"じめん,いわ",3179,233,222,171,1,◯,-,-,◯,◯,2
113,ラッキー,chansey,チャンシー,ノーマル,1255,487,60,128,1,◯,-,-,-,◯,1
114,モンジャラ,tangela,タンゲラ,くさ,2238,163,183,169,1,◯,-,-,◯,◯,1
115,ガルーラ,kangaskhan,カンガスカン,ノーマル,2586,233,181,165,1,◯,◯,-,-,◯,1
116,タッツー,horsea,ホーシー,みず,1056,102,129,103,1,◯,◯,-,◯,◯,1
117,シードラ,seadra,シードラ,みず,2093,146,187,156,1,◯,◯,-,◯,◯,2
118,トサキント,goldeen,ゴルディーン,みず,1152,128,123,110,1,◯,-,-,◯,◯,1
119,アズマオウ,seaking,シーキング,みず,2162,190,175,147,1,◯,-,-,◯,◯,2
120,ヒトデマン,staryu,スターユー,みず,1157,102,137,112,1,◯,-,-,-,-,1
121,スターミー,starmie,スターミー,"みず,エスパー",2584,155,210,184,1,◯,-,-,-,-,2
122,バリヤード,mr. mime,ミスターマイム,"エスパー,フェアリー",2228,120,192,205,1,◯,◯,-,◯,◯,2
122,ガラルバリヤード,mr. mime-galar,,こおりエスパー,,,,,,,,,,,
123,ストライク,scyther,サイザー,"むし,ひこう",2706,172,218,170,1,◯,◯,◯,◯,◯,1
124,ルージュラ,jynx,ジンクス,"こおり,エスパー",2555,163,223,151,1,◯,◯,-,-,◯,1
125,エレブー,electabuzz,イレクタバズ,でんき,2334,163,198,158,1,◯,◯,-,◯,◯,1
126,ブーバー,magmar,マグマー,ほのお,2394,163,206,154,1,◯,◯,-,◯,◯,1
127,カイロス,pinsir,ピンサー,むし,2959,163,238,182,1,◯,◯,-,◯,◯,1
128,ケンタロス,tauros,トーロス,ノーマル,2620,181,198,183,1,◯,◯,-,◯,-,1
129,コイキング,magikarp,マジカープ,みず,274,85,29,85,1,◯,◯,◯,◯,◯,1
130,ギャラドス,gyarados,ギャラドス,"みず,ひこう",3391,216,237,186,1,◯,◯,◯,◯,◯,2
131,ラプラス,lapras,ラプラス,"みず,こおり",2641,277,165,174,1,◯,◯,-,◯,◯,1
132,メタモン,ditto,ディトー,ノーマル,832,134,91,91,1,◯,-,-,-,-,1
133,イーブイ,eevee,イーヴィー,ノーマル,1071,146,104,114,1,◯,◯,-,◯,◯,1
134,シャワーズ,vaporeon,ヴェイポリオン,みず,3114,277,205,161,1,◯,◯,-,◯,◯,2
135,サンダース,jolteon,ジョルティオン,でんき,2888,163,232,182,1,◯,◯,-,◯,◯,2
136,ブースター,flareon,フレイリオン,ほのお,3029,163,246,179,1,◯,◯,-,◯,◯,2
137,ポリゴン,porygon,ポリゴン,ノーマル,1720,163,153,136,1,◯,-,-,-,-,1
138,オムナイト,omanyte,オマナイト,"いわ,みず",1544,111,155,153,1,◯,◯,-,◯,◯,1
139,オムスター,omastar,オマスター,"いわ,みず",2786,172,207,201,1,◯,◯,-,◯,◯,2
140,カブト,kabuto,カブト,"いわ,みず",1370,102,148,140,1,◯,◯,-,◯,◯,1
141,カブトプス,kabutops,カブトプス,"いわ,みず",2713,155,220,186,1,◯,◯,-,◯,◯,2
142,プテラ,aerodactyl,エアロダクティル,"いわ,ひこう",2783,190,221,159,1,◯,◯,-,◯,◯,1
143,カビゴン,snorlax,スノーラックス,ノーマル,3225,330,190,169,1,◯,-,◯,◯,◯,1
144,フリーザー,articuno,アーティキューノ,"こおり,ひこう",3051,207,192,236,1,◯,◯,-,-,-,1
145,サンダー,zapdos,ザプドス,"でんき,ひこう",3527,207,253,185,1,◯,◯,-,-,-,1
146,ファイヤー,moltres,モルトレス,"ほのお,ひこう",3465,207,251,181,1,◯,◯,-,-,-,1
147,ミニリュウ,dratini,ドラティーニ,ドラゴン,1004,121,119,91,1,◯,◯,◯,◯,◯,1
148,ハクリュー,dragonair,ドラゴネア,ドラゴン,1780,156,163,135,1,◯,◯,◯,◯,◯,2
149,カイリュー,dragonite,ドラゴナイト,"ドラゴン,ひこう",3792,209,263,198,1,◯,◯,◯,◯,◯,3
150,ミュウツー,mewtwo,ミュウトゥー,エスパー,4178,214,300,182,1,◯,◯,-,-,-,1
150,ミュウツー(アーマード),mewtwo-armor,ミュウトゥー,エスパー,3187,214,182,278,7,-,-,-,-,-,1
151,ミュウ,mew,ミュウ,エスパー,3265,225,210,210,1,◯,-,-,-,-,1
152,チコリータ,chikorita,チコリータ,くさ,935,128,92,122,2,◯,◯,-,◯,◯,1
153,ベイリーフ,bayleef,ベイリーフ,くさ,1454,155,122,155,2,◯,◯,-,◯,◯,2
154,メガニウム,meganium,メギニオム,くさ,2410,190,168,202,2,◯,◯,-,◯,◯,3
155,ヒノアラシ,cyndaquil,シンダクィル,ほのお,980,118,116,93,2,◯,◯,-,◯,◯,1
156,マグマラシ,quilava,クウィラヴァ,ほのお,1653,151,158,126,2,◯,◯,-,◯,◯,2
157,バクフーン,typhlotion,タイフロージョン,ほのお,2889,186,223,173,2,◯,◯,-,◯,◯,3
158,ワニノコ,totodile,トトダイル,みず,1131,137,117,109,2,◯,◯,-,◯,◯,1
159,アリゲイツ,croconaw,クロコナー,みず,1722,163,150,142,2,◯,◯,-,◯,◯,2
160,オーダイル,feraligatr,フェラリゲーター,みず,2857,198,205,188,2,◯,◯,-,◯,◯,3
161,オタチ,sentret,セントレット,ノーマル,618,111,79,73,2,◯,◯,-,◯,◯,1
162,オオタチ,furret,ファレット,ノーマル,1758,198,148,125,2,◯,◯,-,◯,◯,2
163,ホーホー,hoothoot,フートフート,"ノーマル,ひこう",677,155,67,88,2,◯,-,-,◯,◯,1
164,ヨルノズク,noctowl,ノクトウル,"ノーマル,ひこう",2024,225,145,156,2,◯,-,-,◯,◯,2
165,レディバ,ledyba,レディバ,"むし,ひこう",728,120,72,118,2,◯,-,-,◯,◯,1
166,レディアン,ledian,レディアン,"むし,ひこう",1346,146,107,179,2,◯,-,-,◯,◯,2
167,イトマル,spinarak,スピナラク,"むし,どく",816,120,105,73,2,◯,-,-,◯,◯,1
168,アリアドス,ariados,アリアドス,"むし,どく",1772,172,161,124,2,◯,-,-,◯,◯,2
169,クロバット,crobat,クロバット,"どく,ひこう",2646,198,194,178,2,◯,◯,◯,◯,◯,3
170,チョンチー,chinchou,チンチョウ,"みず,でんき",1119,181,106,97,2,◯,-,-,◯,◯,1
171,ランターン,lanturn,ランターン,"みず,でんき",2085,268,146,137,2,◯,-,-,◯,◯,2
172,ピチュー,pichu,ピチュー,でんき,473,85,77,53,2,◯,◯,-,◯,◯,0
173,ピィ,clefa,クレファ,フェアリー,671,137,75,79,2,◯,◯,-,◯,◯,0
174,ププリン,igglibuff,イグリーバフ,"ノーマル,フェアリー",535,207,69,32,2,◯,◯,-,◯,◯,0
175,トゲピー,togepi,トゲピー,フェアリー,657,111,67,116,2,◯,◯,-,◯,◯,0
176,トゲチック,togetic,トゲティク,"フェアリー,ひこう",1708,146,139,181,2,◯,◯,-,◯,◯,1
177,ネイティ,natu,ナーテュー,"エスパー,ひこう",1102,120,134,89,2,◯,◯,-,◯,◯,1
178,ネイティオ,xatu,ザーテュー,"エスパー,ひこう",2188,163,192,146,2,◯,◯,-,◯,◯,2
179,メリープ,mareep,マリープ,でんき,991,146,114,79,2,◯,◯,-,◯,◯,1
180,モココ,flaaffy,フラーフィー,でんき,1521,172,145,109,2,◯,◯,-,◯,◯,2
181,デンリュウ,ampharos,アンファロス,でんき,2852,207,211,169,2,◯,◯,-,◯,◯,3
182,キレイハナ,bellossom,ベロッサム,くさ,2281,181,169,186,2,◯,◯,-,◯,◯,3
183,マリル,marill,マリル,"みず,フェアリー",461,172,37,93,2,◯,◯,-,◯,◯,1
184,マリルリ,azumarill,アズマリル,"みず,フェアリー",1588,225,112,152,2,◯,◯,-,◯,◯,2
185,ウソッキー,sudowoodo,スドウドー,いわ,2148,172,167,176,2,◯,◯,-,◯,◯,1
186,ニョロトノ,politoed,ポリトード,みず,2449,207,174,179,2,◯,◯,◯,◯,◯,3
187,ハネッコ,hoppip,ホピップ,"くさ,ひこう",600,111,67,94,2,◯,-,-,◯,◯,1
188,ポポッコ,skiploom,スキップルーム,"くさ,ひこう",976,146,91,120,2,◯,-,-,◯,◯,2
189,ワタッコ,jumpluff,ジャンプラフ,"くさ,ひこう",1636,181,118,183,2,◯,-,-,◯,◯,3
190,エイパム,aipom,エイパム,ノーマル,1348,146,136,112,2,◯,◯,-,◯,◯,1
191,ヒマナッツ,sunkern,サンカーン,くさ,395,102,55,55,2,◯,◯,-,◯,◯,1
192,キマワリ,sunflora,サンフローラ,くさ,2141,181,185,135,2,◯,◯,-,◯,◯,2
193,ヤンヤンマ,yanma,ヤンマ,"むし,ひこう",1470,163,154,94,2,◯,◯,-,◯,◯,1
194,ウパー,wooper,ウーパー,"みず,じめん",641,146,75,66,2,◯,-,-,◯,◯,1
195,ヌオー,quagsire,クァグサイア,"みず,じめん",1992,216,152,143,2,◯,-,-,◯,◯,2
196,エーフィ,espeon,エスピオン,エスパー,3170,163,261,175,2,◯,◯,-,◯,◯,2
197,ブラッキー,umbreon,アンブリオン,あく,2137,216,126,240,2,◯,◯,-,◯,◯,2
198,ヤミカラス,murkrow,マークロウ,"あく,ひこう",1562,155,175,87,2,◯,◯,-,◯,◯,1
199,ヤドキング,slowking,スローキング,"みず,エスパー",2545,216,177,180,2,◯,-,-,◯,◯,3
200,ムウマ,misdreavus,ミスドリーヴァス,ゴースト,1926,155,167,154,2,◯,◯,-,◯,◯,1
201,アンノーン,unown,アノーン,エスパー,1185,134,136,91,2,◯,-,-,-,-,1
202,ソーナンス,wobbuffet,ウォバフェット,エスパー,1026,382,60,106,2,◯,◯,-,◯,◯,1
203,キリンリキ,girafarig,ジラファリッグ,"ノーマル,エスパー",2046,172,182,133,2,◯,-,-,◯,◯,1
204,クヌギダマ,pineco,パインコ,むし,1108,137,108,122,2,◯,◯,-,◯,◯,1
205,フォレトス,forretress,フォレトレス,"むし,はがね",2282,181,161,205,2,◯,◯,-,◯,◯,2
206,ノコッチ,dunsparce,ダンスパース,ノーマル,1689,225,131,128,2,◯,-,-,◯,◯,1
207,グライガー,gligar,グライガー,"じめん,ひこう",1857,163,143,184,2,◯,◯,-,◯,◯,1
208,ハガネール,steelix,スティーリックス,"はがね,じめん",2414,181,148,272,2,◯,◯,-,◯,◯,2
209,ブルー,snubbull,スナブル,フェアリー,1237,155,137,85,2,◯,◯,-,◯,◯,1
210,グランブル,granbull,グランブル,フェアリー,2552,207,212,131,2,◯,◯,-,◯,◯,2
211,ハリーセン,qwilfish,クウィルフィッシュ,"みず,どく",2051,163,184,138,2,◯,-,-,◯,◯,1
212,ハッサム,scizor,シゾァー,"むし,はがね",3001,172,236,181,2,◯,◯,◯,◯,◯,2
213,ツボツボ,shuckle,シャックル,"むし,いわ",405,85,17,396,2,◯,◯,-,◯,◯,1
214,ヘラクロス,heracross,ヘラクロス,"むし,かくとう",3101,190,234,179,2,◯,-,-,◯,◯,1
215,ニューラ,sneasel,スニーゼル,"あく,こおり",2051,146,189,146,2,◯,◯,-,◯,◯,1
216,ヒメグマ,teddiursa,テディアーサ,ノーマル,1328,155,142,93,2,◯,-,-,◯,◯,1
217,リングマ,ursaring,アーサリング,ノーマル,2945,207,236,144,2,◯,-,-,◯,◯,2
218,マグマッグ,slugma,スラグマ,ほのお,895,120,118,71,2,◯,-,-,◯,◯,1
219,マグカルゴ,magcargo,マグカーゴ,"ほのお,いわ",1702,137,139,191,2,◯,-,-,◯,◯,2
220,ウリムー,swinub,スワイナブ,"こおり,じめん",741,137,90,69,2,◯,◯,-,◯,◯,1
221,イノムー,piloswine,パイロスワイン,"こおり,じめん",2345,225,181,138,2,◯,◯,-,◯,◯,2
222,サニーゴ,corsola,コーソラ,"みず,いわ",1378,146,118,156,2,◯,-,-,◯,◯,1
222,ガラルサニーゴ,corsola-galar,,ゴースト,,,,,,,,,,,
223,テッポウオ,remoraid,レモレイド,みず,912,111,127,69,2,◯,-,-,◯,◯,1
224,オクタン,octillery,オクティレリー,みず,2315,181,197,141,2,◯,-,-,◯,◯,2
225,デリバード,delibird,デリバード,"こおり,ひこう",1094,128,128,90,2,◯,◯,-,◯,◯,1
226,マンタイン,mantine,マンティン,"みず,ひこう",2108,163,148,226,2,◯,-,-,◯,◯,1
227,エアームド,skarmory,スカーモリー,"はがね,ひこう",2108,163,148,226,2,◯,◯,-,◯,◯,1
228,デルビル,houndour,ハウンダワー,"あく,ほのお",1234,128,152,83,2,◯,◯,◯,◯,◯,1
229,ヘルガー,houndoom,ハウンドゥーム,"あく,ほのお",2635,181,224,144,2,◯,◯,◯,◯,◯,2
230,キングドラ,kingdra,キングドラ,"みず,ドラゴン",2641,181,194,194,2,◯,◯,-,◯,◯,3
231,ゴマゾウ,phanpy,ファンピー,じめん,1206,207,107,98,2,◯,-,-,◯,◯,1
232,ドンファン,donphan,ドンファン,じめん,3013,207,214,185,2,◯,-,-,◯,◯,2
233,ポリゴン2,porygon2,ポリゴントゥー,ノーマル,2711,198,198,180,2,◯,-,-,-,-,2
234,オドシシ,stantler,スタントラー,ノーマル,2164,177,192,131,2,◯,-,-,◯,◯,1
235,ドーブル,smeargle,スメアグル,ノーマル,431,146,40,83,2,◯,-,-,◯,◯,1
236,バルキー,tyrogue,タイローグ,かくとう,492,111,64,64,2,◯,-,-,◯,-,0
237,カポエラー,hitmontop,ヒットモントップ,かくとう,2156,137,173,207,2,◯,-,-,◯,-,1
238,ムチュール,smoochum,スムーチャム,"こおり,エスパー",1291,128,153,91,2,◯,◯,-,-,◯,0
239,エレキッド,elekid,エレキッド,でんき,1206,128,135,101,2,◯,◯,-,◯,◯,0
240,ブビィ,magby,マグビィ,ほのお,1323,128,151,99,2,◯,◯,-,◯,◯,0
241,ミルタンク,miltank,ミルタンク,ノーマル,2354,216,157,193,2,◯,-,-,-,◯,1
242,ハピナス,blissey,ブリシー,ノーマル,2757,496,129,169,2,◯,-,-,-,◯,2
243,ライコウ,raikou,ライコウ,でんき,3452,207,241,195,2,◯,◯,-,-,-,1
244,エンテイ,entei,エンテイ,ほのお,3473,251,235,171,2,◯,◯,-,-,-,1
245,スイクン,suicune,スイクーン,みず,2983,225,180,235,2,◯,◯,-,-,-,1
246,ヨーギラス,larvitar,ラーヴィター,"いわ,じめん",1040,137,115,93,2,◯,◯,-,◯,◯,1
247,サナギラス,pupitar,ピューピター,"いわ,じめん",1766,172,155,133,2,◯,◯,-,◯,◯,2
248,バンギラス,tyranitar,タイラニター,"いわ,あく",3834,225,251,207,2,◯,◯,-,◯,◯,3
249,ルギア,lugia,ルギア,"エスパー,ひこう",3703,235,193,310,2,◯,◯,-,-,-,1
250,ホウオウ,ho-oh,ホーオー,"ほのお,ひこう",3863,214,239,244,2,◯,◯,-,-,-,1
251,セレビィ,celebi,セレビィ,"エスパー,くさ",3265,225,210,210,2,◯,-,-,-,-,1
252,キモリ,treecko,トゥリーコー,くさ,1053,120,124,94,3,◯,◯,-,◯,◯,1
253,ジュプトル,grovyle,グローヴァイル,くさ,1673,137,172,120,3,◯,◯,-,◯,◯,2
254,ジュカイン,sceptile,セプタイル,くさ,2757,172,223,169,3,◯,◯,-,◯,◯,3
255,アチャモ,torchic,トーチック,ほのお,1093,128,130,87,3,◯,◯,-,◯,◯,1
256,ワカシャモ,combusken,コンバスキン,"ほのお,かくとう",1652,155,163,115,3,◯,◯,-,◯,◯,2
257,バシャーモ,blaziken,ブレイジキン,"ほのお,かくとう",2848,190,240,141,3,◯,◯,-,◯,◯,3
258,ミズゴロウ,mudkip,マドキップ,みず,1128,137,126,93,3,◯,◯,◯,◯,◯,1
259,ヌマクロー,marshtomp,マーシュトンプ,"みず,じめん",1776,172,156,133,3,◯,◯,◯,◯,◯,2
260,ラグラージ,swampert,スワンパート,"みず,じめん",2974,225,208,175,3,◯,◯,◯,◯,◯,3
261,ポチエナ,poochyena,プチエナ,あく,678,111,96,61,3,◯,◯,-,◯,◯,1
262,グラエナ,mightyena,マイティエナ,あく,1926,172,171,132,3,◯,◯,-,◯,◯,2
263,ジグザグマ,zigzagoon,ジグザグーン,ノーマル,508,116,58,80,3,◯,◯,-,◯,◯,1
263,ガラルジグザグマ,zigzagoon-galar,,あくノーマル,,,,,,,,,,,
264,マッスグマ,linoone,ライヌーン,ノーマル,1662,186,142,128,3,◯,◯,-,◯,◯,2
264,ガラルマッスグマ,linoone-galar,,あくノーマル,,,,,,,,,,,
265,ケムッソ,wurmple,ワーンプル,むし,578,128,75,59,3,◯,-,-,◯,◯,1
266,カラサリス,silcoon,シルクーン,むし,553,137,60,77,3,◯,-,-,◯,◯,2
267,アゲハント,beautifly,ビューティフライ,"むし,ひこう",1765,155,189,98,3,◯,-,-,◯,◯,3
268,マユルド,cascoon,キャスクーン,むし,553,137,60,77,3,◯,-,-,◯,◯,2
269,ドクケイル,dustox,ダストックス,"むし,どく",1224,155,98,162,3,◯,-,-,◯,◯,3
270,ハスボー,lotad,ロータッド,"みず,くさ",598,120,71,77,3,◯,◯,-,◯,◯,1
271,ハスブレロ,lombre,ロンブレ,"みず,くさ",1197,155,112,119,3,◯,◯,-,◯,◯,2
272,ルンパッパ,ludicolo,ルディコロ,"みず,くさ",2323,190,173,176,3,◯,◯,-,◯,◯,3
273,タネボー,seedot,シードット,くさ,598,120,71,77,3,◯,-,-,◯,◯,1
274,コノハナ,nuzleaf,ナズリーフ,"くさ,あく",1227,172,134,78,3,◯,-,-,◯,◯,2
275,ダーテング,shiftry,シフトリー,"くさ,あく",2333,207,200,121,3,◯,-,-,◯,◯,3
276,スバメ,taillow,テイロー,"ノーマル,ひこう",765,120,106,61,3,◯,◯,-,◯,◯,1
277,オオスバメ,swellow,スウェロー,"ノーマル,ひこう",1920,155,185,124,3,◯,◯,-,◯,◯,2
278,キャモメ,wingull,ウィンガル,"みず,ひこう",765,120,106,61,3,◯,◯,-,◯,◯,1
279,ペリッパー,pelipper,ペリッパー,"みず,ひこう",2127,155,175,174,3,◯,◯,-,◯,◯,2
280,ラルトス,ralts,ラルツ,"エスパー,フェアリー",539,99,79,59,3,◯,◯,◯,◯,◯,1
281,キルリア,kirlia,カーリア,"エスパー,フェアリー",966,116,117,90,3,◯,◯,◯,◯,◯,2
282,サーナイト,gardevoir,ガーデヴォアー,"エスパー,フェアリー",3093,169,237,195,3,◯,◯,◯,◯,◯,3
283,アメタマ,surskit,サースキット,"むし,みず",791,120,93,87,3,◯,-,-,◯,◯,1
284,アメモース,masquerain,マスカレイン,"むし,ひこう",2270,172,192,150,3,◯,-,-,◯,◯,2
285,キノココ,shroomish,シュルーミッシュ,くさ,810,155,74,110,3,◯,-,-,◯,◯,1
286,キノガッサ,breloom,ブレルーム,"くさ,かくとう",2628,155,241,144,3,◯,-,-,◯,◯,2
287,ナマケロ,slakoth,スラコース,ノーマル,1002,155,104,92,3,◯,◯,-,◯,◯,1
288,ヤルキモノ,vigoroth,ヴィゴロース,ノーマル,1968,190,159,145,3,◯,◯,-,◯,◯,2
289,ケッキング,slaking,スラッキング,ノーマル,4431,284,290,166,3,◯,◯,-,◯,◯,3
290,ツチニン,nincada,ニンカーダ,"むし,じめん",768,104,80,126,3,◯,-,-,◯,◯,1
291,テッカニン,ninjask,ニンジャスク,"むし,ひこう",1942,156,199,112,3,◯,-,-,◯,◯,2
292,ヌケニン,shedinja,シェディンジャ,"むし,ゴースト",393,1,153,73,3,◯,-,-,-,-,2
293,ゴニョニョ,whismur,ウィズマー,ノーマル,671,162,92,42,3,◯,-,-,◯,◯,1
294,ドゴーム,loudred,ラウドレッド,ノーマル,1327,197,134,81,3,◯,-,-,◯,◯,2
295,バクオング,exploud,エクスプラウド,ノーマル,2347,232,179,137,3,◯,-,-,◯,◯,3
296,マクノシタ,makuhita,マクヒタ,かくとう,817,176,99,54,3,◯,◯,-,◯,◯,1
297,ハリテヤマ,hariyama,ハリヤマ,かくとう,2829,302,209,114,3,◯,◯,-,◯,◯,2
298,ルリリ,azurill,アズリル,"ノーマル,フェアリー",364,137,36,71,3,◯,◯,-,◯,◯,0
299,ノズパス,nosepass,ノーズパス,いわ,993,102,82,215,3,◯,-,-,◯,◯,1
300,エネコ,skitty,スキティ,ノーマル,739,137,84,79,3,◯,-,-,◯,◯,1
301,エネコロロ,delcatty,デルキャティ,ノーマル,1496,172,132,127,3,◯,-,-,◯,◯,2
302,ヤミラミ,sableye,セーブライ,"あく,ゴースト",1476,137,141,136,3,◯,◯,-,◯,◯,1
303,クチート,mawile,マワイル,"はがね,フェアリー",1634,137,155,141,3,◯,◯,-,◯,◯,1
304,ココドラ,aron,アロン,"はがね,いわ",1307,137,121,141,3,◯,◯,-,◯,◯,1
305,コドラ,lairon,レイロン,"はがね,いわ",2056,155,158,198,3,◯,◯,-,◯,◯,2
306,ボスゴドラ,aggron,アグロン,"はがね,いわ",3000,172,198,257,3,◯,◯,-,◯,◯,3
307,アサナン,meditite,メディタイト,"かくとう,エスパー",693,102,78,107,3,◯,◯,-,◯,◯,1
308,チャーレム,medicham,メディチャム,"かくとう,エスパー",1431,155,121,152,3,◯,◯,-,◯,◯,2
309,ラクライ,electrike,イレクトライク,でんき,965,120,123,78,3,◯,◯,-,◯,◯,1
310,ライボルト,manectric,マネクトリック,でんき,2340,172,215,127,3,◯,◯,-,◯,◯,2
311,プラスル,plusle,プラスル,でんき,1778,155,167,129,3,◯,◯,-,◯,◯,1
312,マイナン,minun,マイナン,でんき,1694,155,147,150,3,◯,◯,-,◯,◯,1
313,バルビート,volbeat,ヴォルビート,むし,1771,163,143,166,3,◯,-,-,◯,-,1
314,イルミーゼ,illumise,イルミーゼ,むし,1771,163,143,166,3,◯,-,-,-,◯,1
315,ロゼリア,roselia,ロゼリア,"くさ,どく",1870,137,186,131,3,◯,◯,-,◯,◯,1
316,ゴクリン,gulpin,ガルピン,どく,866,172,80,99,3,◯,-,-,◯,◯,1
317,マルノーム,swalot,スワロット,どく,1978,225,140,159,3,◯,-,-,◯,◯,2
318,キバニア,carvanha,カーヴァーナ,"みず,あく",1020,128,171,39,3,◯,◯,-,◯,◯,1
319,サメハダー,sharpedo,シャーピドゥー,"みず,あく",2181,172,243,83,3,◯,◯,-,◯,◯,2
320,ホエルコ,wailmer,ウェイルマー,みず,1468,277,136,68,3,◯,◯,-,◯,◯,1
321,ホエルオー,wailord,ウェイロード,みず,2280,347,175,87,3,◯,◯,-,◯,◯,2
322,ドンメル,numel,ナメル,"ほのお,じめん",1057,155,119,79,3,◯,-,-,◯,◯,1
323,バクーダ,camerupt,キャラプト,"ほのお,じめん",2193,172,194,136,3,◯,-,-,◯,◯,2
324,コータス,torkoal,トーコール,ほのお,2093,172,151,203,3,◯,-,-,◯,◯,1
325,バネブー,spoink,スポインク,エスパー,1334,155,125,122,3,◯,◯,-,◯,◯,1
326,ブーピッグ,grumpig,グランピッグ,エスパー,2369,190,171,188,3,◯,◯,-,◯,◯,2
327,パッチール,spinda,スピンダ,ノーマル,1220,155,116,116,3,◯,◯,-,◯,◯,1
328,ナックラー,trapinch,トラピンチ,じめん,1274,128,162,78,3,◯,◯,-,◯,◯,1
329,ビブラーバ,vibrava,ヴァイブラーヴァ,"じめん,ドラゴン",1225,137,134,99,3,◯,◯,-,◯,◯,2
330,フライゴン,flygon,フライゴン,"じめん,ドラゴン",2661,190,205,168,3,◯,◯,-,◯,◯,3
331,サボネア,cacnea,カクネア,くさ,1242,137,156,74,3,◯,-,-,◯,◯,1
332,ノクタス,cacturne,カクターン,"くさ,あく",2298,172,221,115,3,◯,-,-,◯,◯,2
333,チルット,swablu,スワブル,"ノーマル,ひこう",824,128,76,132,3,◯,◯,-,◯,◯,1
334,チルタリス,altaria,アルタリア,"ドラゴン,ひこう",2004,181,141,201,3,◯,◯,-,◯,◯,2
335,ザングース,zangoose,ザングース,ノーマル,2418,177,222,124,3,◯,◯,-,◯,◯,1
336,ハブネーク,seviper,セヴァイパー,どく,2105,177,196,118,3,◯,◯,-,◯,◯,1
337,ルナトーン,lunatone,ルナトーン,"いわ,エスパー",2327,207,178,153,3,◯,◯,-,-,-,1
338,ソルロック,solrock,ソルロック,"いわ,エスパー",2327,207,178,153,3,◯,◯,-,-,-,1
339,ドジョッチ,barboach,バルボーチ,"みず,じめん",819,137,93,82,3,◯,◯,-,◯,◯,1
340,ナマズン,whiscash,ウィスキャッシュ,"みず,じめん",2075,242,151,141,3,◯,◯,-,◯,◯,2
341,ヘイガニ,corphish,コーフィッシュ,みず,1230,125,141,99,3,◯,-,-,◯,◯,1
342,シザリガー,crawdaunt,クロードント,"みず,あく",2474,160,224,142,3,◯,-,-,◯,◯,2
343,ヤジロン,baltoy,バルトイ,"じめん,エスパー",787,120,77,124,3,◯,-,-,-,-,1
344,ネンドール,claydol,クレイドル,"じめん,エスパー",1971,155,140,229,3,◯,-,-,-,-,2
345,リリーラ,lileep,リリープ,"いわ,くさ",1291,165,105,150,3,◯,◯,-,◯,◯,1
346,ユレイドル,cradily,クレイディリー,"いわ,くさ",2211,200,152,194,3,◯,◯,-,◯,◯,2
347,アノプス,anorith,アノリス,"いわ,むし",1529,128,176,100,3,◯,◯,-,◯,◯,1
348,アーマルド,armaldo,アーマルドー,"いわ,むし",2848,181,222,174,3,◯,◯,-,◯,◯,2
349,ヒンバス,feebas,フィーバス,みず,274,85,29,85,3,◯,◯,-,◯,◯,1
350,ミロカロス,milotic,マイロティック,みず,3005,216,192,219,3,◯,◯,-,◯,◯,2
351,ポワルン(ポワルンのすがた),castform,キャストフォーム,ノーマル,1632,172,139,139,3,◯,◯,-,◯,◯,1
351,ポワルン(あまみずのすがた),castform-rainy,キャストフォーム,みず,1632,172,139,139,3,◯,-,-,◯,◯,1
351,ポワルン(ゆきぐものすがた),castform-snowy,キャストフォーム,こおり,1632,172,139,139,3,◯,-,-,◯,◯,1
351,ポワルン(たいようのすがた),castform-sunny,キャストフォーム,ほのお,1632,172,139,139,3,◯,-,-,◯,◯,1
352,カクレオン,kecleon,ケクリオン,ノーマル,2047,155,161,189,3,-,-,-,◯,◯,1
353,カゲボウズ,shuppet,シャペット,ゴースト,1018,127,138,65,3,◯,◯,-,◯,◯,1
354,ジュペッタ,banette,ベイネット,ゴースト,2298,162,218,126,3,◯,◯,-,◯,◯,2
355,ヨマワル,duskull,ダスカル,ゴースト,706,85,70,162,3,◯,◯,-,◯,◯,1
356,サマヨール,dusclops,ダスクロップス,ゴースト,1591,120,124,234,3,◯,◯,-,◯,◯,2
357,トロピウス,tropius,トロピウス,"くさ,ひこう",1941,223,136,163,3,◯,-,-,◯,◯,1
358,チリーン,chimecho,チャイメコー,エスパー,2259,181,175,170,3,◯,-,-,◯,◯,1
359,アブソル,absol,アブソル,あく,2526,163,246,120,3,◯,◯,-,◯,◯,1
360,ソーナノ,wynaut,ワイノウト,エスパー,534,216,41,86,3,◯,◯,-,◯,◯,0
361,ユキワラシ,snorunt,スノーラント,こおり,888,137,95,95,3,◯,◯,-,◯,◯,1
362,オニゴーリ,glalie,グレイリー,こおり,2105,190,162,162,3,◯,◯,-,◯,◯,2
363,タマザラシ,spheal,スフィール,"こおり,みず",962,172,95,90,3,◯,-,-,◯,◯,1
364,トドグラー,sealeo,シーリオ,"こおり,みず",1714,207,137,132,3,◯,-,-,◯,◯,2
365,トドゼルガ,walrein,ワルレイン,"こおり,みず",2726,242,182,176,3,◯,-,-,◯,◯,3
366,パールル,clamperl,クランパール,みず,1270,111,133,135,3,◯,◯,-,◯,◯,1
367,ハンテール,huntail,ハンテール,みず,2340,146,197,179,2,◯,◯,-,◯,◯,2
368,サクラビス,gorebyss,ゴアビス,みず,2494,146,211,179,2,◯,◯,-,◯,◯,2
369,ジーランス,relicanth,レリカンス,"みず,いわ",2528,225,162,203,3,◯,-,-,◯,◯,1
370,ラブカス,luvdisc,ラヴディスク,みず,848,125,81,128,3,◯,◯,-,◯,◯,1
371,タツベイ,bagon,ベイゴン,ドラゴン,1156,128,134,93,3,◯,◯,-,◯,◯,1
372,コモルー,shelgon,シェルゴン,ドラゴン,2031,163,172,155,3,◯,◯,-,◯,◯,2
373,ボーマンダ,salamence,サラメンス,"ドラゴン,ひこう",3749,216,277,168,3,◯,◯,-,◯,◯,3
374,ダンバル,beldum,ベルダム,"はがね,エスパー",976,120,96,132,3,◯,◯,-,-,-,1
375,メタング,metang,メタング,"はがね,エスパー",1721,155,138,176,3,◯,◯,-,-,-,2
376,メタグロス,metagross,メタグロス,"はがね,エスパー",3791,190,257,228,3,◯,◯,-,-,-,3
377,レジロック,regirock,レジロック,いわ,3122,190,179,309,3,◯,◯,-,-,-,1
378,レジアイス,regice,レザイス,こおり,3122,190,179,309,3,◯,◯,-,-,-,1
379,レジスチル,registeel,レジスティール,はがね,2447,190,143,285,3,◯,◯,-,-,-,1
380,ラティアス,latias,ラティアス,"ドラゴン,エスパー",3510,190,228,246,3,◯,◯,-,-,◯,1
381,ラティオス,latios,ラティオス,"ドラゴン,エスパー",3812,190,268,212,3,◯,◯,-,◯,-,1
382,カイオーガ,kyogre,カイオーガー,みず,4115,205,270,228,3,◯,◯,-,-,-,1
383,グラードン,groudon,グラウドン,じめん,4115,205,270,228,3,◯,◯,-,-,-,1
384,レックウザ,rayquaza,レイクェイザ,"ドラゴン,ひこう",3835,213,284,170,3,◯,◯,-,-,-,1
385,ジラーチ,jirachi,ジラーチ,"はがね,エスパー",3265,225,210,210,3,◯,-,-,-,-,1
386,デオキシス(ノーマルフォルム),deoxys,ディオキシス,エスパー,3160,137,345,115,3,◯,-,-,◯,◯,1
386,デオキシス(アタックフォルム),deoxys-attack,ディオキシス,エスパー,2580,137,414,46,3,◯,-,-,◯,◯,1
386,デオキシス(ディフェンスフォルム),deoxys-defense,ディオキシス,エスパー,2274,137,144,330,3,◯,-,-,◯,◯,1
386,デオキシス(スピードフォルム),deoxys-speed,ディオキシス,エスパー,2879,137,230,218,3,◯,-,-,◯,◯,1
387,ナエトル,turtwig,タートウィグ,くさ,1187,146,119,110,4,◯,◯,-,◯,◯,1
388,ハヤシガメ,grotle,グロットル,くさ,1890,181,157,143,4,◯,◯,-,◯,◯,2
389,ドダイトス,torterra,トーテラ,"くさ,じめん",2934,216,202,188,4,◯,◯,-,◯,◯,3
390,ヒコザル,chimchar,チムチャー,ほのお,957,127,113,86,4,◯,◯,-,◯,◯,1
391,モウカザル,monferno,モンファノ,"ほのお,かくとう",1574,162,158,105,4,◯,◯,-,◯,◯,2
392,ゴウカザル,infernape,インファーネープ,"ほのお,かくとう",2683,183,222,151,4,◯,◯,-,◯,◯,3
393,ポッチャマ,piplup,ピプラップ,みず,1075,142,112,102,4,◯,-,-,◯,◯,1
394,ポッタイシ,prinplup,プリンプラップ,みず,1701,162,150,139,4,◯,-,-,◯,◯,2
395,エンペルト,empoleon,エンポリオン,"みず,はがね",2900,197,210,186,4,◯,-,-,◯,◯,3
396,ムックル,starly,スターリー,"ノーマル,ひこう",719,120,101,58,4,◯,-,-,◯,◯,1
397,ムクバード,staravia,スタレイヴィア,"ノーマル,ひこう",1299,146,142,94,4,◯,-,-,◯,◯,2
398,ムクホーク,staraptor,スタラプター,"ノーマル,ひこう",2825,198,234,140,4,◯,-,-,◯,◯,3
399,ビッパ,bidoof,ビドゥーフ,ノーマル,721,153,80,73,4,◯,-,-,◯,◯,1
400,ビーダル,bibarel,ビベレル,"ノーマル,みず",1823,188,162,119,4,◯,-,-,◯,◯,2
401,コロボーシ,kricketot,クリケトット,むし,401,114,45,74,4,◯,-,-,◯,◯,1
402,コロトック,kricketune,クリケチューン,むし,1653,184,160,100,4,◯,-,-,◯,◯,2
403,コリンク,shinx,シンクス,でんき,876,128,117,64,4,◯,◯,-,◯,◯,1
404,ルクシオ,luxio,ルクシオ,でんき,1486,155,159,95,4,◯,◯,-,◯,◯,2
405,レントラー,luxray,ルクスレイ,でんき,2888,190,232,156,4,◯,◯,-,◯,◯,3
406,スボミー,budew,バデュー,"くさ,どく",856,120,91,109,4,◯,◯,-,◯,◯,0
407,ロズレイド,roserade,ロズレイド,"くさ,どく",2971,155,243,185,4,◯,◯,-,◯,◯,2
408,ズガイドス,cranidos,クレイニドス,いわ,1820,167,218,71,4,◯,-,-,◯,◯,1
409,ラムパルド,rampardos,ランパードス,いわ,3298,219,295,109,4,◯,-,-,◯,◯,2
410,タテトプス,shieldon,シールドン,"いわ,はがね",890,102,76,195,4,◯,-,-,◯,◯,1
411,トリデプス,bastiodon,バスティオドン,"いわ,はがね",1539,155,94,286,4,◯,-,-,◯,◯,2
412,ミノムッチ(くさきのミノ),burmy,バーミィ,むし,488,120,53,83,4,◯,-,-,◯,◯,1
412,ミノムッチ(すなちのミノ),burmy-sandy,バーミィ,むし,488,120,53,83,4,◯,-,-,◯,◯,1
412,ミノムッチ(ゴミのミノ),burmy-trash,バーミィ,むし,488,120,53,83,4,◯,-,-,◯,◯,1
413,ミノマダム(くさきのミノ),wormadam,ワーマダム,"むし,くさ",1773,155,141,180,4,◯,-,-,◯,◯,2
413,ミノマダム(すなちのミノ),wormadam-sandy,ワーマダム,"むし,じめん",1773,155,141,180,4,◯,-,-,◯,◯,2
413,ミノマダム(ゴミのミノ),wormadam-trash,ワーマダム,"むし,はがね",1593,155,127,175,4,◯,-,-,◯,◯,2
414,ガーメイル,mothim,モーシム,"むし,ひこう",1815,172,185,98,4,◯,-,-,◯,-,2
415,ミツハニー,combee,コンビー,"むし,ひこう",494,102,59,83,4,◯,-,-,◯,◯,1
416,ビークイン,vespiquen,ヴェスピクイン,"むし,ひこう",2005,172,149,190,4,◯,-,-,-,◯,2
417,パチリス,pachirisu,パチリス,でんき,1213,155,94,172,4,◯,-,-,◯,◯,1
418,ブイゼル,buizel,ブイゼル,みず,1054,146,132,67,4,◯,-,-,◯,◯,1
419,フローゼル,floatzel,フローツォル,みず,2443,198,221,114,4,◯,-,-,◯,◯,2
420,チェリンボ,cherubi,チェルビ,くさ,950,128,108,92,4,◯,-,-,◯,◯,1
421,チェリム(ネガフォルム),cherrim,チェリム,くさ,2048,172,170,153,4,◯,-,-,◯,◯,2
421,チェリム,cherrim-sunshine,チェリム,くさ,2048,172,170,153,4,◯,-,-,◯,◯,2
422,カラナクシ(ひがしのうみ),shellos-east,シェロス,みず,1136,183,103,105,4,◯,-,-,◯,◯,1
422,カラナクシ(にしのうみ),shellos,シェロス,みず,1136,183,103,105,4,◯,-,-,◯,◯,1
423,トリトドン(にしのうみ),gastrodon,ガストロドン,"みず,じめん",2324,244,169,143,4,◯,-,-,◯,◯,2
423,トリトドン(ひがしのうみ),gastrodon-east,ガストロドン,"みず,じめん",2324,244,169,143,4,◯,-,-,◯,◯,2
424,エテボース,ambipom,アンビパム,ノーマル,2418,181,205,143,4,◯,◯,-,◯,◯,2
425,フワンテ,drifloon,ドリフルーン,"ゴースト,ひこう",1197,207,117,80,4,◯,◯,-,◯,◯,1
426,フワライド,drifblim,ドリフブリム,"ゴースト,ひこう",2382,312,180,102,4,◯,◯,-,◯,◯,2
427,ミミロル,buneary,バニアリー,ノーマル,1258,146,130,105,4,◯,◯,-,◯,◯,1
428,ミミロップ,lopunny,ロップニー,ノーマル,2059,163,156,194,4,◯,◯,-,◯,◯,2
429,ムウマージ,mismagius,ミスマギアス,ゴースト,2615,155,211,187,4,◯,◯,-,◯,◯,2
430,ドンカラス,honchkrow,ホンククロー,"あく,ひこう",2711,225,243,103,4,◯,◯,-,◯,◯,2
431,ニャルマー,glameow,グラミャオー,ノーマル,934,135,109,82,4,◯,-,-,◯,◯,1
432,ブニャット,purugly,プラグリー,ノーマル,1953,174,172,133,4,◯,-,-,◯,◯,2
433,リーシャン,chingling,チングリング,エスパー,1005,128,114,94,4,◯,-,-,◯,◯,0
434,スカンプー,stunky,スタンキー,"どく,あく",1151,160,121,90,4,◯,-,-,◯,◯,1
435,スカタンク,skuntank,スカンタンク,"どく,あく",2358,230,184,132,4,◯,-,-,◯,◯,2
436,ドーミラー,bronzor,ブロンゾー,"はがね,エスパー",603,149,43,154,4,◯,◯,-,-,-,1
437,ドータクン,bronzong,ブロンゾング,"はがね,エスパー",2239,167,161,213,4,◯,◯,-,-,-,2
438,ウソハチ,bonsly,ボンスライ,いわ,1302,137,124,133,4,◯,◯,-,◯,◯,0
439,マネネ,mime jr.,マイムジュニア,"エスパー,フェアリー",1095,85,125,142,4,◯,◯,-,◯,◯,1
440,ピンプク,happiny,ハピニー,ノーマル,371,225,25,77,4,◯,-,-,-,◯,0
441,ペラップ,chatot,チャトット,"ノーマル,ひこう",1791,183,183,91,4,◯,-,-,◯,◯,1
442,ミカルゲ,spritomb,スピリトゥーム,"ゴースト,あく",2072,137,169,199,4,◯,-,-,◯,◯,1
443,フカマル,gible,ギブル,"ドラゴン,じめん",1112,151,124,84,4,◯,-,-,◯,◯,1
444,ガバイト,gabite,ガバイト,"ドラゴン,じめん",1874,169,172,125,4,◯,-,-,◯,◯,2
445,ガブリアス,garchomp,ガーチョンプ,"ドラゴン,じめん",3962,239,261,193,4,◯,-,-,◯,◯,3
446,ゴンベ,munchlax,マンチラックス,ノーマル,1892,286,137,117,4,◯,-,-,◯,◯,0
447,リオル,riolu,リオル,かくとう,993,120,127,78,4,◯,-,-,◯,◯,0
448,ルカリオ,lucario,ルカリオ,"かくとう,はがね",2703,172,236,144,4,◯,-,-,◯,◯,1
449,ヒポポタス,hippopotas,ヒポポタス,じめん,1358,169,124,118,4,◯,-,-,◯,◯,1
450,カバルドン,hippowdon,ヒポウドン,じめん,3085,239,201,191,4,◯,-,-,◯,◯,2
451,スコルピ,skorupi,スコルピ,"どく,むし",1009,120,93,151,4,◯,-,-,◯,◯,1
452,ドラピオン,drapion,ドラピオン,"どく,あく",2453,172,180,202,4,◯,-,-,◯,◯,2
453,グレッグル,croagunk,クローガンク,"どく,かくとう",952,134,116,76,4,◯,-,-,◯,◯,1
454,ドクロッグ,toxicroak,トクシクローク,"どく,かくとう",2488,195,211,133,4,◯,-,-,◯,◯,2
455,マスキッパ,carnivine,カーニヴァイン,くさ,2159,179,187,136,4,◯,-,-,◯,◯,1
456,ケイコウオ,finneon,フィニオン,みず,971,135,96,116,4,◯,-,-,◯,◯,1
457,ネオラント,lumineon,ルミニオン,みず,1814,170,142,170,4,◯,-,-,◯,◯,2
458,タマンタ,mantyke,マンタイク,"みず,ひこう",1248,128,105,179,4,◯,-,-,◯,◯,0
459,ユキカブリ,snover,スノーヴァー,"くさ,こおり",1159,155,115,105,4,◯,-,-,◯,◯,1
460,ユキノオー,abomasnow,アボマスノー,"くさ,こおり",2362,207,178,158,4,◯,-,-,◯,◯,2
461,マニューラ,weavile,ウィーヴァイル,"あく,こおり",3005,172,243,171,4,◯,◯,-,◯,◯,2
462,ジバコイル,magnezone,マグネゾーン,"でんき,はがね",3205,172,238,205,4,◯,◯,-,-,-,3
463,ベロベルト,lickilicky,リキリキー,ノーマル,2467,242,161,181,4,◯,-,-,◯,◯,2
464,ドサイドン,rhyperior,ライペリアー,"じめん,いわ",3733,251,241,190,4,◯,-,-,◯,◯,3
465,モジャンボ,tangrowth,タングロース,くさ,3030,225,207,184,4,◯,-,-,◯,◯,2
466,エレキブル,electivire,イレクティヴァイア,でんき,3079,181,249,163,4,◯,◯,-,◯,◯,2
467,ブーバーン,magmortar,マグモーター,ほのお,3132,181,247,172,4,◯,◯,-,◯,◯,2
468,トゲキッス,togekiss,トゲキッス,"フェアリー,ひこう",3332,198,225,217,4,◯,◯,-,◯,◯,2
469,メガヤンマ,yanmega,ヤンメガ,"むし,ひこう",2946,200,231,156,4,◯,◯,-,◯,◯,2
470,リーフィア,leafeon,リーフィオン,くさ,2944,163,216,219,4,◯,◯,-,◯,◯,2
471,グレイシア,glaceon,グレイシオン,こおり,3126,163,238,205,4,◯,◯,-,◯,◯,2
472,グライオン,gliscor,グライスコー,"じめん,ひこう",2692,181,185,222,4,◯,◯,-,◯,◯,2
473,マンムー,mamoswine,マモスワイン,"こおり,じめん",3328,242,247,146,4,◯,◯,-,◯,◯,3
474,ポリゴンZ,porygon-z,ポリゴンズィー,ノーマル,3266,198,264,150,4,◯,-,-,-,-,3
475,エルレイド,gallade,ガレイド,"エスパー,かくとう",3093,169,237,195,4,◯,◯,◯,◯,-,3
476,ダイノーズ,probopass,プロボパス,"いわ,はがね",2080,155,135,275,4,◯,-,-,◯,◯,2
477,ヨノワール,dusknoir,ダスクノワール,ゴースト,2388,128,180,254,4,◯,◯,-,◯,◯,3
478,ユキメノコ,froslass,フロスラス,"こおり,ゴースト",2040,172,171,150,4,◯,◯,-,-,◯,2
479,ロトム(ヒート),rotom-heat,ロトム,"でんき,ほのお",2579,137,204,219,4,-,-,-,◯,◯,1
479,ロトム(ウォッシュ),rotom-wash,ロトム,"でんき,みず",2579,137,204,219,4,-,-,-,◯,◯,1
479,ロトム(フロスト),rotom-frost,ロトム,"でんき,こおり",2579,137,204,219,4,-,-,-,◯,◯,1
479,ロトム(スピン),rotom-fan,ロトム,"でんき,ひこう",2579,137,204,219,4,-,-,-,◯,◯,1
479,ロトム(カット),rotom-mow,ロトム,"でんき,くさ",2579,137,204,219,4,-,-,-,◯,◯,1
479,ロトム,rotom,ロトム,"でんき,ゴースト",2031,137,185,159,4,-,-,-,-,-,1
480,ユクシー,uxie,ユクシー,エスパー,2524,181,156,270,4,◯,-,-,-,-,1
481,エムリット,mesprit,メスプリット,エスパー,3058,190,212,212,4,◯,-,-,-,-,1
482,アグノム,azelf,アゼルフ,エスパー,3210,181,270,151,4,◯,-,-,-,-,1
483,ディアルガ,dialga,ディアルガ,"はがね,ドラゴン",4038,205,275,211,4,◯,-,-,-,-,1
484,パルキア,palkia,パルキア,"みず,ドラゴン",3991,189,280,215,4,◯,-,-,-,-,1
485,ヒードラン,heatran,ヒートラン,"ほのお,はがね",3754,209,251,213,4,◯,-,-,◯,◯,1
486,レジギガス,regigigas,レジギガス,ノーマル,4337,220,287,210,4,-,-,-,-,-,1
487,ギラティナ(アナザーフォルム),giratina,ギラティナ,"ゴースト,ドラゴン",3379,284,187,225,4,◯,◯,-,◯,◯,1
487,ギラティナ(オリジンフォルム),giratina-origin,ギラティナ,"ゴースト,ドラゴン",3683,284,225,187,4,◯,-,-,◯,◯,1
488,クレセリア,cresselia,クレセリア,エスパー,2857,260,152,258,4,◯,◯,-,-,◯,1
489,フィオネ,phione,フィオネ,みず,2105,190,162,162,4,-,-,-,-,-,1
490,マナフィ,manaphy,マナフィ,みず,3265,225,210,210,4,-,-,-,-,-,1
491,ダークライ,darkrai,ダークライ,あく,3739,172,285,198,4,◯,-,-,-,-,1
492,シェイミ(スカイ),shaymin-sky,シェイミン,"くさ,ひこう",3592,225,261,166,4,-,-,-,◯,◯,1
492,シェイミ,shaymin,シェイミン,くさ,3265,225,210,210,4,-,-,-,-,-,1
493,アルセウス,arceus,アルキアス,ノーマル,3982,236,238,238,4,-,-,-,-,-,1
494,ビクティニ,victini,ヴィクティニ,"エスパー,ほのお",3265,225,210,210,5,-,-,-,-,-,1
495,ツタージャ,snivy,スナイヴィー,くさ,849,128,88,107,5,◯,-,-,◯,◯,1
496,ジャノビー,servine,サーヴァイン,くさ,1441,155,122,152,5,◯,-,-,◯,◯,2
497,ジャローダ,serperior,サーペリアー,くさ,2277,181,161,204,5,◯,-,-,◯,◯,3
498,ポカブ,tepig,テピッグ,ほのお,1074,163,114,85,5,◯,-,-,◯,◯,1
499,チャオブー,pignite,ピグナイト,"ほのお,かくとう",1924,207,173,106,5,◯,-,-,◯,◯,2
500,エンブオー,emboar,エンボアー,"ほのお,かくとう",2982,242,235,127,5,◯,-,-,◯,◯,3
501,ミジュマル,oshawott,オシャウォット,みず,1046,146,117,85,5,◯,-,-,◯,◯,1
502,フタチマル,dewott,デュウォット,みず,1741,181,159,116,5,◯,-,-,◯,◯,2
503,ダイケンキ,samurott,サムロット,みず,2826,216,212,157,5,◯,-,-,◯,◯,3
504,ミネズミ,patrat,パトラット,ノーマル,791,128,98,73,5,◯,◯,-,◯,◯,1
505,ミルホッグ,watchog,ワッチョグ,ノーマル,1808,155,164,139,5,◯,◯,-,◯,◯,2
506,ヨーテリー,lillipup,リリパップ,ノーマル,915,128,107,86,5,◯,◯,-,◯,◯,1
507,ハーデリア,herdier,ハーディアー,ノーマル,1573,163,144,126,5,◯,◯,-,◯,◯,2
508,ムーランド,stoutland,スタウトランド,ノーマル,2827,198,206,182,5,◯,◯,-,◯,◯,3
509,チョロネコ,purrloin,パーロイン,あく,772,121,98,73,5,◯,-,-,◯,◯,1
510,レパルダス,liepard,ライパード,あく,1846,162,187,106,5,◯,-,-,◯,◯,2
511,ヤナップ,pansage,パンセージ,くさ,956,137,104,94,5,◯,-,-,◯,◯,1
512,ヤナッキー,simisage,シミセージ,くさ,2350,181,206,133,5,◯,-,-,◯,◯,2
513,バオップ,pansear,パンシアー,ほのお,956,137,104,94,5,◯,-,-,◯,◯,1
514,バオッキー,simisear,シミシアー,ほのお,2350,181,206,133,5,◯,-,-,◯,◯,2
515,ヒヤップ,panpour,パンポアー,みず,956,137,104,94,5,◯,-,-,◯,◯,1
516,ヒヤッキー,simipour,シミポアー,みず,2350,181,206,133,5,◯,-,-,◯,◯,2
517,ムンナ,munna,ムンナ,エスパー,1145,183,111,92,5,-,-,-,◯,◯,1
518,ムシャーナ,musharna,ムシャーナ,エスパー,2723,253,183,166,5,-,-,-,◯,◯,2
519,マメパト,pidove,ピドーヴ,"ノーマル,ひこう",855,137,99,80,5,◯,-,-,◯,◯,1
520,ハトーボー,tranquill,トランクィル,"ノーマル,ひこう",1442,158,144,107,5,◯,-,-,◯,◯,2
521,ケンホロウ,unfezant,アンフェザント,"ノーマル,ひこう",2723,190,225,146,5,◯,-,-,◯,◯,3
522,シママ,blitzle,ブリッツル,でんき,882,128,118,64,5,◯,-,-,◯,◯,1
523,ゼブライカ,zebstrika,ゼブストライカ,でんき,2428,181,211,136,5,◯,-,-,◯,◯,2
524,ダンゴロ,roggenrola,ロゲンローラ,いわ,1205,146,121,110,5,-,-,-,◯,◯,1
525,ガントル,boldore,ボルドアー,いわ,2046,172,175,144,5,-,-,-,◯,◯,2
526,ギガイアス,gigalith,ギガリス,いわ,3221,198,226,200,5,-,-,-,◯,◯,3
527,コロモリ,woobat,ウーバット,"エスパー,ひこう",966,146,107,85,5,-,-,-,◯,◯,1
528,ココロモリ,swoobat,スウーバット,"エスパー,ひこう",1716,167,161,119,5,-,-,-,◯,◯,2
529,モグリュー,drilbur,ドリルバー,じめん,1376,155,154,85,5,◯,-,-,◯,◯,1
530,ドリュウズ,excadrill,エクスカドリル,"じめん,はがね",3255,242,255,130,5,◯,-,-,◯,◯,2
531,タブンネ,audino,オーディノー,ノーマル,1682,230,114,163,5,-,-,-,◯,◯,1
532,ドッコラー,timburr,ティンバー,かくとう,1324,181,135,87,5,-,-,-,◯,◯,1
533,ドテッコツ,gurdurr,ガーダー,かくとう,2169,198,180,134,5,-,-,-,◯,◯,2
534,ローブシン,conkeldurr,コンケルダー,かくとう,3328,233,243,157,5,-,-,-,◯,◯,3
535,オタマロ,tympole,ティンポール,みず,839,137,98,78,5,-,-,-,◯,◯,1
536,ガマガル,palpitoad,パルパトード,"みず,じめん",1392,181,128,109,5,-,-,-,◯,◯,2
537,ガマゲロゲ,seismitoad,サイスミトード,"みず,じめん",2552,233,187,150,5,-,-,-,◯,◯,3
538,ナゲキ,throh,スロー,かくとう,2562,260,172,160,5,-,-,-,◯,-,1
539,ダゲキ,sawk,ソーク,かくとう,2788,181,231,153,5,-,-,-,◯,-,1
540,クルミル,sewaddle,ソワドル,"むし,くさ",977,128,96,124,5,-,-,-,◯,◯,1
541,クルマユ,swadloon,スワドルーン,"むし,くさ",1366,146,115,161,5,-,-,-,◯,◯,2
542,ハハコモリ,leavanny,リーヴァニー,"むし,くさ",2569,181,204,165,5,-,-,-,◯,◯,3
543,フシデ,venipede,ヴェニピード,"むし,どく",706,102,83,99,5,-,-,-,◯,◯,1
544,ホイーガ,whirlipede,ワーリピード,"むし,どく",1144,120,100,173,5,-,-,-,◯,◯,2
545,ペンドラー,scolipede,スコリピード,"むし,どく",2447,155,203,175,5,-,-,-,◯,◯,3
546,モンメン,cottonee,コットニー,"くさ,フェアリー",689,120,70,110,5,-,-,-,◯,◯,1
547,エルフーン,whimsicott,ウィムシコット,"くさ,フェアリー",2014,155,164,176,5,-,-,-,◯,◯,2
548,チュリネ,petilil,ペトリル,くさ,1030,128,119,91,5,-,-,-,-,◯,1
549,ドレディア,lilligant,リリガント,くさ,2550,172,214,155,5,-,-,-,-,◯,2
550,バスラオ,basculin,バスカリン,みず,2083,172,189,128,5,-,-,-,◯,◯,1
551,メグロコ,sandile,サンダイル,"じめん,あく",1037,137,132,69,5,-,-,-,◯,◯,1
552,ワルビル,krokorok,クロコロック,"じめん,あく",1410,155,154,90,5,-,-,-,◯,◯,2
553,ワルビアル,krookodile,クルコダイル,"じめん,あく",3046,216,229,158,5,-,-,-,◯,◯,3
554,ダルマッカ,darumaka,ダルマカ,ほのお,1442,172,153,86,5,-,-,-,◯,◯,1
554,ガラルダルマッカ,darumaka-galar,,こおり,,,,,,,,,,,
555,ヒヒダルマ,darmanitan,ダルマニタン,ほのお,3105,233,263,114,5,-,-,-,◯,◯,2
555,ガラルヒヒダルマ,darmanitan-galar,,こおり,,,,,,,,,,,
556,マラカッチ,maractus,マラクタス,くさ,2274,181,201,130,5,-,-,-,◯,◯,1
557,イシズマイ,dwebble,ドウェブル,"むし,いわ",1220,137,118,127,5,-,-,-,◯,◯,1
558,イワパレス,crustle,クラストル,"むし,いわ",2341,172,172,200,5,-,-,-,◯,◯,2
559,ズルッグ,scraggy,スクラギー,"あく,かくとう",1372,137,132,132,5,-,-,-,◯,◯,1
560,ズルズキン,scrafty,スクラフティー,"あく,かくとう",2283,163,163,222,5,-,-,-,◯,◯,2
561,シンボラー,sigilyph,シジリフ,"エスパー,ひこう",2538,176,203,167,5,-,-,-,◯,◯,1
562,デスマス,yamask,ヤマスク,ゴースト,973,116,94,141,5,◯,◯,-,◯,◯,1
562,ガラルデスマス,yamask-galar,,じめんゴースト,,,,,,,,,,,
563,デスカーン,cofagrigus,コファグリガス,ゴースト,2273,151,163,237,5,◯,◯,-,◯,◯,2
564,プロトーガ,tirtouga,ティートゥーガ,"みず,いわ",1484,144,134,145,5,-,-,-,◯,◯,1
565,アバゴーラ,carracosta,カラコスタ,"みず,いわ",2621,179,192,197,5,-,-,-,◯,◯,2
566,アーケン,archen,アーケン,"いわ,ひこう",1834,146,212,89,5,-,-,-,◯,◯,1
567,アーケオス,archeops,アーケオプス,"いわ,ひこう",3331,181,292,139,5,-,-,-,◯,◯,2
568,ヤブクロン,trubbish,トラビッシュ,どく,1000,137,96,122,5,-,-,-,◯,◯,1
569,ダストダス,garbodor,ガーボードア,どく,2345,190,181,164,5,-,-,-,◯,◯,2
570,ゾロア,zorua,ゾロア,あく,1175,120,153,78,5,-,-,-,◯,◯,1
571,ゾロアーク,zoroark,ゾロアーク,あく,2571,155,250,127,5,-,-,-,◯,◯,2
572,チラーミィ,minccino,ミンチーノ,ノーマル,872,146,98,80,5,-,-,-,◯,◯,1
573,チラチーノ,cinccino,チンチーノ,ノーマル,2232,181,197,130,5,-,-,-,◯,◯,2
574,ゴチム,gothita,ゴシータ,エスパー,951,128,98,112,5,-,-,-,◯,◯,1
575,ゴチミル,gothorita,ゴソリタ,エスパー,1599,155,137,152,5,-,-,-,◯,◯,2
576,ゴチルゼル,gothitelle,ゴシゼル,エスパー,2419,172,176,205,5,-,-,-,◯,◯,3
577,ユニラン,solosis,ソロシス,エスパー,1360,128,170,82,5,-,-,-,◯,◯,1
578,ダブラン,duosion,デュオゾン,エスパー,2009,163,208,102,5,-,-,-,◯,◯,2
579,ランクルス,reuniclus,リユニクルス,エスパー,2927,242,214,148,5,-,-,-,◯,◯,3
580,コアルヒー,ducklett,ダックレット,"みず,ひこう",856,158,84,96,5,-,-,-,◯,◯,1
581,スワンナ,swanna,スワンナ,"みず,ひこう",2088,181,182,132,5,-,-,-,◯,◯,2
582,バニプッチ,vanillite,ヴァニライト,こおり,1033,113,118,106,5,-,-,-,◯,◯,1
583,バニリッチ,vanillish,ヴァニリッシュ,こおり,1591,139,151,138,5,-,-,-,◯,◯,2
584,バイバニラ,vanilluxe,ヴァニラックス,こおり,2822,174,218,184,5,-,-,-,◯,◯,3
585,シキジカ,deerling,ディアリング,"ノーマル,くさ",1135,155,115,100,5,-,-,-,◯,◯,1
586,メブキジカ,sawsbuck,ソーズバック,"ノーマル,くさ",2416,190,198,146,5,-,-,-,◯,◯,2
587,エモンガ,emolga,イモルガ,"でんき,ひこう",1633,146,158,127,5,-,-,-,◯,◯,1
588,カブルモ,karrablast,カラブラスト,むし,1182,137,137,87,5,-,-,-,◯,◯,1
589,シュバルゴ,escavalier,エスカヴァリアー,"むし,はがね",2901,172,224,187,5,-,-,-,◯,◯,2
590,タマゲタケ,foongus,フーンガス,"くさ,どく",974,170,97,90,5,◯,-,-,◯,◯,1
591,モロバレル,amoonguss,アムーンガス,"くさ,どく",2140,249,155,139,5,◯,-,-,◯,◯,2
592,プルリル,frillish,フリリッシュ,"みず,ゴースト",1257,146,115,134,5,-,-,-,◯,◯,1
593,ブルンゲル,jellicent,ジェリセント,"みず,ゴースト",2338,225,159,178,5,-,-,-,◯,◯,2
594,ママンボウ,alomomola,アロマモラ,みず,2169,338,138,131,5,-,-,-,◯,◯,1
595,バチュル,joltik,ジョルティック,"むし,でんき",1015,137,109,98,5,-,-,-,◯,◯,1
596,デンチュラ,galvantula,ガルヴァンチュラ,"むし,でんき",2206,172,201,128,5,-,-,-,◯,◯,2
597,テッシード,ferroseed,フェロシード,"くさ,はがね",931,127,81,155,5,◯,-,-,◯,◯,1
598,ナットレイ,ferrothorn,フェロソーン,"くさ,はがね",2321,179,158,223,5,◯,-,-,◯,◯,2
599,ギアル,klink,クリンク,はがね,956,120,98,121,5,◯,◯,-,-,-,1
600,ギギアル,klang,クラング,はがね,1842,155,150,173,5,◯,◯,-,-,-,2
601,ギギギアル,klinklang,クリンクラング,はがね,2624,155,198,214,5,◯,◯,-,-,-,3
602,シビシラス,tynamo,タイナモ,でんき,804,111,104,78,5,-,-,-,◯,◯,1
603,シビビール,eelektrik,イーレクトリック,でんき,1715,163,156,130,5,-,-,-,◯,◯,2
604,シビルドン,eelektross,イーレクトロス,でんき,2721,198,216,152,5,-,-,-,◯,◯,3
605,リグレー,elgyem,エルジエム,エスパー,1385,146,148,100,5,-,-,-,◯,◯,1
606,オーベム,beheeyem,ビーヒーエム,エスパー,2753,181,221,163,5,-,-,-,◯,◯,2
607,ヒトモシ,litwik,リトウィック,"ゴースト,ほのお",1006,137,108,98,5,◯,-,-,◯,◯,1
608,ランプラー,lampent,ランペント,"ゴースト,ほのお",1708,155,169,115,5,◯,-,-,◯,◯,2
609,シャンデラ,chandelure,シャンデルーア,"ゴースト,ほのお",3257,155,270,182,5,◯,-,-,◯,◯,3
610,キバゴ,axew,アクシュー,ドラゴン,1368,130,154,101,5,-,-,-,◯,◯,1
611,オノンド,fraxure,フラクシュア,ドラゴン,2224,165,211,123,5,-,-,-,◯,◯,2
612,オノノクス,haxorus,ハクソラス,ドラゴン,3593,183,284,172,5,-,-,-,◯,◯,3
613,クマシュン,cubchoo,カブチュー,こおり,1069,146,128,74,5,-,-,-,◯,◯,1
614,ツンベアー,beartic,ベアティク,こおり,2637,216,200,152,5,-,-,-,◯,◯,2
615,フリージオ,cryogonal,クリオゴナル,こおり,2572,172,189,203,5,-,-,-,-,-,1
616,チョボマキ,shelmet,シェルメット,むし,834,137,72,140,5,-,-,-,◯,◯,1
617,アギルダー,accelgor,アクセルゴァー,むし,2431,190,219,120,5,-,-,-,◯,◯,2
618,マッギョ,stunfisk,スタンフィスク,"じめん,でんき",2176,240,145,171,5,-,-,-,◯,◯,1
618,ガラルマッギョ,stunfisk-galar,,じめんはがね,,,,,,,,,,,
619,コジョフー,mienfoo,ミンフー,かくとう,1381,128,159,98,5,-,-,-,◯,◯,1
620,コジョンド,mienshao,ミンシャオ,かくとう,2700,163,257,127,5,-,-,-,◯,◯,2
621,クリムガン,druddigon,ドラディゴン,ドラゴン,2732,184,213,170,5,-,-,-,◯,◯,1
622,ゴビット,golett,ゴレット,"じめん,ゴースト",1189,153,127,92,5,◯,-,-,-,-,1
623,ゴルーグ,golurk,ゴラーク,"じめん,ゴースト",2854,205,222,154,5,◯,-,-,-,-,2
624,コマタナ,pawniard,ポーニアード,"あく,はがね",1433,128,154,114,5,-,-,-,◯,◯,1
625,キリキザン,bisharp,ビシャープ,"あく,はがね",2832,163,231,176,5,-,-,-,◯,◯,2
626,バッフロン,bouffalant,ブファラント,ノーマル,2784,216,194,182,5,-,-,-,◯,◯,1
627,ワシボン,rufflet,ラフレット,"ノーマル,ひこう",1491,172,150,97,5,-,-,-,◯,-,1
628,ウォーグル,braviary,ブレイヴィアリー,"ノーマル,ひこう",3088,225,232,152,5,-,-,-,◯,-,2
629,バルチャイ,vullaby,ヴァラバイ,"あく,ひこう",1257,172,104,138,5,-,-,-,-,◯,1
630,バルジーナ,mandibuzz,マンディバズ,"あく,ひこう",2138,242,129,205,5,-,-,-,-,◯,2
631,クイタラン,heatmor,ヒートモア,ほのお,2395,198,204,129,5,◯,-,-,◯,◯,1
632,アイアント,durant,デュラント,"むし,はがね",2659,151,217,188,5,◯,-,-,◯,◯,1
633,モノズ,deino,ダイノ,"あく,ドラゴン",1062,141,116,93,5,◯,-,-,◯,◯,1
634,ジヘッド,zweilous,ツヴァイロス,"あく,ドラゴン",1839,176,159,135,5,◯,-,-,◯,◯,2
635,サザンドラ,hydreigon,ハイドライゴン,"あく,ドラゴン",3625,211,256,188,5,◯,-,-,◯,◯,3
636,メラルバ,larvesta,ラーヴェスタ,"むし,ほのお",1496,146,156,107,5,-,-,-,◯,◯,1
637,ウルガモス,volcarona,ヴォルカローナ,"むし,ほのお",3632,198,264,189,5,-,-,-,◯,◯,2
638,コバルオン,cobalion,コベイリオン,"はがね,かくとう",3022,209,192,229,5,◯,-,-,-,-,1
639,テラキオン,terrakion,テラキオン,"いわ,かくとう",3698,209,260,192,5,-,-,-,-,-,1
640,ビリジオン,virizion,ヴィライジオン,"くさ,かくとう",3022,209,192,229,5,-,-,-,-,-,1
641,トルネロス,tornadus,トーネイダス,ひこう,3324,188,265,163,5,-,-,-,◯,-,1
642,ボルトロス,thundurus,サンデュラス,"でんき,ひこう",3324,188,265,163,5,-,-,-,◯,-,1
643,レシラム,reshiram,レシラム,"ドラゴン,ほのお",4805,225,301,232,5,-,-,-,-,-,1
644,ゼクロム,zekrom,ゼクロム,"ドラゴン,でんき",4805,225,301,232,5,-,-,-,-,-,1
645,ランドロス,landorus,ランドラス,"じめん,ひこう",3566,205,260,181,5,-,-,-,◯,-,1
646,キュレム,kyurem,キュレム,"ドラゴン,こおり",4255,268,270,187,5,-,-,-,-,-,1
647,ケルディオ,keldeo,ケルディオ,"みず,かくとう",3698,209,260,192,5,-,-,-,-,-,1
648,メロエッタ,meloetta,メロエッタ,"ノーマル,エスパー",3978,225,251,224,5,-,-,-,-,-,1
649,ゲノセクト,genesect,ジェネセクト,"むし,はがね",3353,174,252,199,5,-,-,-,-,-,1
650,ハリマロン,chespin,チェスピン,くさ,1096,148,110,106,6,-,-,-,◯,◯,1
651,ハリボーグ,quilladin,クイラディン,くさ,1708,156,145,156,6,-,-,-,◯,◯,2
652,ブリガロン,chesnaught,チェスノート,"くさ,かくとう",2954,204,201,204,6,-,-,-,◯,◯,3
653,フォッコ,fennekin,フェネキン,ほのお,1028,120,116,102,6,-,-,-,◯,◯,1
654,テールナー,braixen,ブレイキシン,ほのお,1822,153,172,130,6,-,-,-,◯,◯,2
655,マフォクシー,delphox,デルフォックス,"ほのお,エスパー",3047,181,229,189,6,-,-,-,◯,◯,3
656,ケロマツ,frokie,フローキー,みず,992,121,122,84,6,-,-,-,◯,◯,1
657,ゲコガシラ,frogadier,フロガディアー,みず,1636,144,168,114,6,-,-,-,◯,◯,2
658,ゲッコウガ,greninja,グレニンジャ,"みず,あく",2654,176,223,152,6,-,-,-,◯,◯,3
659,ホルビー,bunnelby,バネルビー,ノーマル,553,116,68,72,6,-,-,-,◯,◯,1
660,ホルード,diggersby,ディガーズビー,"ノーマル,じめん",1497,198,111,155,6,-,-,-,◯,◯,2
661,ヤヤコマ,fletchling,フレッチリング,"ノーマル,ひこう",800,128,95,80,6,-,-,-,◯,◯,1
662,ヒノヤコマ,fletchinder,フレッチンダー,"ほのお,ひこう",1460,158,144,110,6,-,-,-,◯,◯,2
663,ファイアロー,talonflame,タロンフレイム,"ほのお,ひこう",2216,186,177,155,6,-,-,-,◯,◯,3
664,コフキムシ,scatterbug,スカッターバグ,むし,492,116,63,63,6,-,-,-,◯,◯,1
665,コフーライ,spewpa,スピューパ,むし,479,128,48,89,6,-,-,-,◯,◯,2
666,ビビヨン,vivillon,ヴィヴィヨン,"むし,ひこう",1845,190,175,103,6,-,-,-,◯,◯,3
667,シシコ,litleo,リトリオ,"ほのお,ノーマル",1425,158,139,112,6,-,-,-,◯,◯,1
668,カエンジシ,pyroar,パイロア,"ほのお,ノーマル",2759,200,221,148,6,-,-,-,◯,◯,2
669,フラベベ,flab?b?,フラベベ,フェアリー,1072,127,109,120,6,-,-,-,-,◯,1
670,フラエッテ,floette,フロエッテ,フェアリー,1527,144,136,150,6,-,-,-,-,◯,2
671,フラージェス,florges,フロージェス,フェアリー,3234,186,212,244,6,-,-,-,-,◯,3
672,メェークル,skiddo,スキッドゥー,くさ,1250,165,123,102,6,-,-,-,◯,◯,1
673,ゴーゴート,gogoat,ゴーゴート,くさ,2798,265,196,146,6,-,-,-,◯,◯,2
674,ヤンチャム,pancham,パンチャム,かくとう,1482,167,145,106,6,-,-,-,◯,◯,1
675,ゴロンダ,pangoro,パンゴロ,"かくとう,あく",2902,216,226,146,6,-,-,-,◯,◯,2
676,トリミアン,furfrou,ファーフルー,ノーマル,2117,181,165,166,6,-,-,-,◯,◯,1
677,ニャスパー,espurr,エスパー,エスパー,1268,158,121,114,6,-,-,-,◯,◯,1
678,ニャオニクス,meowstic,ミャウスティック,エスパー,2124,179,166,167,6,-,-,-,◯,◯,2
679,ヒトツキ,honedge,ホネッジ,"はがね,ゴースト",1385,128,135,138,6,-,-,-,◯,◯,1
680,ニダンギル,doublade,ダブレイド,"はがね,ゴースト",2431,153,187,206,6,-,-,-,◯,◯,2
681,ギルガルド,aegislash,イージスラッシュ,"はがね,ゴースト",1595,155,97,291,6,-,-,-,◯,◯,3
682,シュシュプ,spritzee,スプリッズィー,フェアリー,1252,186,110,113,6,-,-,-,◯,◯,1
683,フレフワン,aromatisse,アロマティス,フェアリー,2353,226,174,150,6,-,-,-,◯,◯,2
684,ペロッパフ,swirlix,スワーリクス,フェアリー,1179,158,109,119,6,-,-,-,◯,◯,1
685,ペロリーム,slurpuff,スラーパフ,フェアリー,2199,193,168,163,6,-,-,-,◯,◯,2
686,マーイーカ,inkay,インケイ,"あく,エスパー",927,142,98,95,6,-,-,-,◯,◯,1
687,カラマネロ,malamar,マラマー,"あく,エスパー",2365,200,177,166,6,-,-,-,◯,◯,2
688,カメテテ,binacle,バイナクル,"いわ,みず",942,123,96,119,6,-,-,-,◯,◯,1
689,ガメノデス,barbaracle,バーバラクル,"いわ,みず",2675,176,194,205,6,-,-,-,◯,◯,2
690,クズモー,skrelp,スクレルプ,"どく,みず",1063,137,109,109,6,-,-,-,◯,◯,1
691,ドラミドロ,dragalge,ドラガルジェ,"どく,ドラゴン",2389,163,177,208,6,-,-,-,◯,◯,2
692,ウデッポウ,clauncher,クローンチャー,みず,1088,137,108,117,6,-,-,-,◯,◯,1
693,ブロスター,clawitzer,クラウィッツァー,みず,2771,174,221,172,6,-,-,-,◯,◯,2
694,エリキテル,helioptile,ヘリオプタイル,"でんき,ノーマル",933,127,115,78,6,-,-,-,◯,◯,1
695,エレザード,heliolisk,ヘリオリスク,"でんき,ノーマル",2582,158,218,167,6,-,-,-,◯,◯,2
696,チゴラス,tyrunt,タイラント,"いわ,ドラゴン",1635,151,158,123,6,-,-,-,◯,◯,1
697,ガチゴラス,tyrantrum,タイラントラム,"いわ,ドラゴン",3128,193,227,191,6,-,-,-,◯,◯,2
698,アマルス,amaura,アモーラ,"いわ,こおり",1369,184,124,110,6,-,-,-,◯,◯,1
699,アマルルガ,aurorus,オーロラス,"いわ,こおり",2802,265,186,163,6,-,-,-,◯,◯,2
700,ニンフィア,sylveon,シルヴィオン,フェアリー,3055,216,202,205,6,-,-,-,◯,◯,2
701,ルチャブル,hawlucha,ホールーチャ,"かくとう,ひこう",2410,186,195,153,6,-,-,-,◯,◯,1
702,デデンネ,dedenn?,デデンネ,"でんき,フェアリー",1834,167,164,133,6,-,-,-,◯,◯,1
703,メレシー,carbink,カービンク,"いわ,フェアリー",1467,137,95,285,6,-,-,-,-,-,1
704,ヌメラ,goomy,グーミィ,ドラゴン,976,128,101,112,6,-,-,-,◯,◯,1
705,ヌメイル,sliggoo,スリッグー,ドラゴン,2037,169,159,176,6,-,-,-,◯,◯,2
706,ヌメルゴン,goodra,グードラ,ドラゴン,3505,207,220,242,6,-,-,-,◯,◯,3
707,クレッフィ,klefki,クレフキ,"フェアリー,はがね",1949,149,160,179,6,-,-,-,◯,◯,1
708,ボクレー,phantump,ファンタンプ,"ゴースト,くさ",1123,125,125,103,6,-,-,-,◯,◯,1
709,オーロット,trevenant,トレヴェナント,"ゴースト,くさ",2552,198,201,153,6,-,-,-,◯,◯,2
710,バケッチャ,pumpkaboo,パンプカブー,"ゴースト,くさ",1213,135,120,123,6,-,-,-,◯,◯,1
711,パンプジン,gourgeist,ゴーガイスト,"ゴースト,くさ",2390,163,175,213,6,-,-,-,◯,◯,2
712,カチコール,bergmite,バーグマイト,こおり,1215,146,117,120,6,-,-,-,◯,◯,1
713,クレベース,avalugg,アヴァラッグ,こおり,3183,216,195,240,6,-,-,-,◯,◯,2
714,オンバット,noibat,ノイバット,"ひこう,ドラゴン",667,120,83,73,6,-,-,-,◯,◯,1
715,オンバーン,noivern,ノイヴァーン,"ひこう,ドラゴン",2764,198,205,175,6,-,-,-,◯,◯,2
716,ゼルネアス,xerneas,ズァーニアス,フェアリー,4514,270,275,203,6,-,-,-,-,-,1
717,イベルタル,yveltal,イヴェルタル,"あく,ひこう",4514,270,275,203,6,-,-,-,-,-,1
718,ジガルデ,zygarde,ズィガーディ,"ドラゴン,じめん",3403,239,203,231,6,-,-,-,-,-,1
719,ディアンシー,diancie,ダイアンシー,"いわ,フェアリー",2734,137,190,285,6,-,-,-,-,-,1
720,フーパ,hoopa,フーパ,"エスパー,ゴースト",4005,190,287,205,6,-,-,-,-,-,1
721,ボルケニオン,volcanion,ヴォルケイニオン,"ほのお,みず",3621,190,252,215,6,-,-,-,-,-,1
722,モクロー,rowlet,ローレット,"くさ,ひこう",1058,169,102,99,7,-,-,-,◯,◯,1
723,フクスロー,dartrix,ダートリックス,"くさ,ひこう",1730,186,142,140,7,-,-,-,◯,◯,2
724,ジュナイパー,decidueye,デシデュアイ,"くさ,ゴースト",2775,186,210,179,7,-,-,-,◯,◯,3
725,ニャビー,litten,リトゥン,ほのお,1028,128,127,79,7,-,-,-,◯,◯,1
726,ニャヒート,torracat,トラキャット,ほのお,1710,163,174,103,7,-,-,-,◯,◯,2
727,ガオガエン,incineroar,インシナロアー,"ほのお,あく",3009,216,215,175,7,-,-,-,◯,◯,3
728,アシマリ,popplio,ポップリオ,みず,1129,137,120,103,7,-,-,-,◯,◯,1
729,オシャマリ,brionne,ブリオンネ,みず,1885,155,168,145,7,-,-,-,◯,◯,2
730,アシレーヌ,primarina,プリマリーナ,"みず,フェアリー",3193,190,232,194,7,-,-,-,◯,◯,3
731,ツツケラ,pikipek,ピキペック,"ノーマル,ひこう",910,111,136,59,7,-,-,-,◯,◯,1
732,ケララッパ,trumbeak,トランビーク,"ノーマル,ひこう",1478,146,159,100,7,-,-,-,◯,◯,2
733,ドデカバシ,toucannon,トゥーキャノン,"ノーマル,ひこう",2689,190,222,146,7,-,-,-,◯,◯,3
734,ヤングース,yungoos,ヤングース,ノーマル,880,134,122,56,7,-,-,-,◯,◯,1
735,デカグース,gumshoos,ガムシューズ,ノーマル,2185,204,194,113,7,-,-,-,◯,◯,2
736,アゴジムシ,grubbin,グラビン,むし,984,132,115,85,7,-,-,-,◯,◯,1
737,デンヂムシ,charjabug,チャージャバグ,"むし,でんき",1697,149,145,161,7,-,-,-,◯,◯,2
738,クワガノン,vikavolt,ヴィカヴォルト,"むし,でんき",3117,184,254,158,7,-,-,-,◯,◯,3
739,マケンカニ,crabrawler,クラブロウラー,かくとう,1363,132,150,104,7,-,-,-,◯,◯,1
740,ケケンカニ,crabominable,クラボミネーブル,"かくとう,こおり",2897,219,231,137,7,-,-,-,◯,◯,2
741,オドリドリ,oricorio,オリコリオ,"ほのお,ひこう",2333,181,196,145,7,-,-,-,◯,◯,1
742,アブリー,cutiefly,キューティーフライ,"むし,フェアリー",881,120,109,81,7,-,-,-,◯,◯,1
743,アブリボン,ribombee,リボンビー,"むし,フェアリー",2194,155,198,145,7,-,-,-,◯,◯,2
744,イワンコ,rockruff,ロックラフ,いわ,957,128,118,78,7,-,-,-,◯,◯,1
745,ルガルガン,lycanroc,リキャンロク,いわ,2678,181,231,140,7,-,-,-,◯,◯,2
746,ヨワシ,wishiwashi,ウィシワシ,みず,341,128,45,43,7,-,-,-,◯,◯,1
747,ヒドイデ,mareanie,マリーニー,"どく,みず",964,137,97,110,7,-,-,-,◯,◯,1
748,ドヒドイデ,toxapex,トクサペックス,"どく,みず",1685,137,114,273,7,-,-,-,◯,◯,2
749,ドロバンコ,mudbray,マッドブレイ,じめん,1892,172,175,121,7,-,-,-,◯,◯,1
750,バンバドロ,mudsdale,マッドスデール,じめん,3046,225,214,174,7,-,-,-,◯,◯,2
751,シズクモ,dewpider,デューパイダー,"みず,むし",714,116,72,117,7,-,-,-,◯,◯,1
752,オニシズクモ,araquanid,アラクアニド,"みず,むし",1827,169,126,219,7,-,-,-,◯,◯,2
753,カリキリ,fomantis,フォマンティス,くさ,741,120,100,64,7,-,-,-,◯,◯,1
754,ラランテス,lurantis,ラランティス,くさ,2398,172,192,169,7,-,-,-,◯,◯,2
755,ネマシュ,morelull,モアラル,"くさ,フェアリー",1033,120,108,119,7,-,-,-,◯,◯,1
756,マシェード,shiinotic,シーノティック,"くさ,フェアリー",1861,155,154,168,7,-,-,-,◯,◯,2
757,ヤトウモリ,salandit,サランディット,"どく,ほのお",1122,134,136,80,7,-,-,-,◯,◯,1
758,エンニュート,salazzle,サラズル,"どく,ほのお",2479,169,228,130,7,-,-,-,-,◯,2
759,ヌイコグマ,stufful,スタッフル,"ノーマル,かくとう",1343,172,135,95,7,-,-,-,◯,◯,1
760,キテルグマ,bewear,ビウェアー,"ノーマル,かくとう",3117,260,226,141,7,-,-,-,◯,◯,2
761,アマカジ,bounsweet,バウンスウィート,くさ,470,123,55,69,7,-,-,-,-,◯,1
762,アママイコ,steenee,スティーニー,くさ,757,141,78,94,7,-,-,-,-,◯,2
763,アマージョ,tsareena,ズァーリーナ,くさ,2952,176,221,195,7,-,-,-,-,◯,3
764,キュワワー,comfey,コンフェイ,フェアリー,2104,139,164,215,7,-,-,-,◯,◯,1
765,ヤレユータン,oranguru,オラングールー,"ノーマル,エスパー",2436,207,167,192,7,-,-,-,◯,◯,1
766,ナゲツケサル,passimian,パッシミアン,かくとう,3024,225,222,159,7,-,-,-,◯,◯,1
767,コソクムシ,wimpod,ウィンポッド,"むし,みず",499,93,67,73,7,-,-,-,◯,◯,1
768,グソクムシャ,golisopod,ゴリソポッド,"むし,みず",3149,181,217,226,7,-,-,-,◯,◯,2
769,スナバァ,sandygast,サンディガスト,"ゴースト,じめん",1233,146,120,118,7,-,-,-,◯,◯,1
770,シロデスナ,palossand,パロッサンド,"ゴースト,じめん",2444,198,178,178,7,-,-,-,◯,◯,2
771,ナマコブシ,pyukumuku,ピュクムク,みず,1372,146,97,224,7,-,-,-,◯,◯,1
772,タイプ：ヌル,type:null,タイプ：ヌル,ノーマル,2664,216,184,184,7,-,-,-,-,-,1
773,シルヴァディ,silvally,シルヴァリィ,ノーマル,2950,216,198,198,7,-,-,-,-,-,2
774,メテノ,minior,ミニアー,"いわ,ひこう",1542,155,116,194,7,-,-,-,-,-,1
775,ネッコアラ,komala,コマラ,ノーマル,2575,163,216,164,7,-,-,-,◯,◯,1
776,バクガメス,turtonator,タートネーター,"ほのお,ドラゴン",2218,155,165,214,7,-,-,-,◯,◯,1
777,トゲデマル,togedemaru,トゲデマル,"でんき,はがね",2143,163,189,144,7,-,-,-,◯,◯,1
778,ミミッキュ,mimikyu,ミミッキュ,"ゴースト,フェアリー",2225,146,177,199,7,-,-,-,◯,◯,1
779,ハギギシリ,bruxish,ブラクシッシュ,"みず,エスパー",2389,169,208,145,7,-,-,-,◯,◯,1
780,ジジーロン,drampa,ドランパ,"ノーマル,ドラゴン",2926,186,232,164,7,-,-,-,◯,◯,1
781,ダダリン,dhelmise,デルマイズ,"ゴースト,くさ",2950,172,233,179,7,-,-,-,-,-,1
782,ジャラコ,jangmo-o,ジャングモオ,ドラゴン,960,128,101,108,7,-,-,-,◯,◯,1
783,ジャランゴ,hakamo-o,ハカモオ,"ドラゴン,かくとう",1686,146,145,162,7,-,-,-,◯,◯,2
784,ジャラランガ,kommo-o,コンモオ,"ドラゴン,かくとう",3309,181,222,240,7,-,-,-,◯,◯,3
785,カプ・コケコ,tapu koko,タプ・ココ,"でんき,フェアリー",3160,172,250,180,7,-,-,-,-,-,1
786,カプ・テテフ,tapu lele,タプ・レレ,"エスパー,フェアリー",3494,172,259,208,7,-,-,-,-,-,1
787,カプ・ブルル,tapu bulu,タプ・ブル,"くさ,フェアリー",3419,172,249,215,7,-,-,-,-,-,1
788,カプ・レヒレ,tapu fini,タプ・フィニ,"みず,フェアリー",2857,172,189,254,7,-,-,-,-,-,1
789,コスモッグ,cosmog,コスモッグ,エスパー,432,125,54,57,7,-,-,-,-,-,1
790,コスモウム,cosmoem,コスモーム,エスパー,817,125,54,242,7,-,-,-,-,-,2
791,ソルガレオ,solgaleo,ソルガリオ,"エスパー,はがね",4808,289,280,209,7,-,-,-,-,-,3
792,ルナアーラ,lunala,ルナーラ,"エスパー,ゴースト",4808,289,280,209,7,-,-,-,-,-,3
793,ウツロイド,nihilego,ニヒレゴ,"いわ,どく",3949,240,249,210,7,-,-,-,-,-,1
794,マッシブーン,buzzwole,バズウール,"むし,かくとう",4120,237,259,215,7,-,-,-,-,-,1
795,フェローチェ,pheromosa,フェロモーサ,"むし,かくとう",2842,174,316,85,7,-,-,-,-,-,1
796,デンジュモク,xurkitree,ザーキトゥリー,でんき,3937,195,330,144,7,-,-,-,-,-,1
797,テッカグヤ,celesteela,セレスティーラ,"はがね,ひこう",3102,219,207,199,7,-,-,-,-,-,1
798,カミツルギ,kartana,カータナ,"くさ,はがね",4380,153,354,200,7,-,-,-,-,-,1
799,アクジキング,guzzlord,ガズロード,"あく,ドラゴン",2887,440,188,99,7,-,-,-,-,-,1
800,ネクロズマ,necrozma,ネクロズマ,エスパー,3682,219,251,195,7,-,-,-,-,-,1
801,マギアナ,magearna,マギアナ,"はがね,フェアリー",3615,190,246,225,7,-,-,-,-,-,1
802,マーシャドー,marshadow,マーシャドー,"かくとう,ゴースト",3730,207,265,190,7,-,-,-,-,-,1
803,ベベノム,poipole,ポイポール,どく,1640,167,145,133,7,-,-,-,-,-,1
804,アーゴヨン,naganadel,ネイガネイドル,"どく,ドラゴン",3173,177,263,159,7,-,-,-,-,-,2
805,ツンデツンデ,stakataka,スタカタカ,"いわ,はがね",3274,156,212,297,7,-,-,-,-,-,1
806,ズガドーン,blacephalon,ブレイセファロン,"ほのお,ゴースト",3287,142,315,147,7,-,-,-,-,-,1
807,ゼラオラ,zeraora,ズィーラオラ,でんき,3428,204,252,178,7,-,-,-,-,-,1
808,メルタン,meltan,メルタン,はがね,1068,130,118,99,7,◯,◯,-,-,-,1
809,メルメタル,melmetal,メルメタル,はがね,3599,264,226,190,7,◯,◯,-,-,-,2
810,サルノリ,grookey,,くさ,,,,,,,,,,,
811,バチンキー,thwackey,,くさ,,,,,,,,,,,
812,ゴリランダー,rillaboom,,くさ,,,,,,,,,,,
813,ヒバニー,scorbunny,,ほのお,,,,,,,,,,,
814,ラビフット,raboot,,ほのお,,,,,,,,,,,
815,エースバーン,cinderace,,ほのお,,,,,,,,,,,
816,メッソン,sobble,,みず,,,,,,,,,,,
817,ジメレオン,drizzile,,みず,,,,,,,,,,,
818,インテレオン,inteleon,,みず,,,,,,,,,,,
819,ホシガリス,skwovet,,ノーマル,,,,,,,,,,,
820,ヨクバリス,greedent,,ノーマル,,,,,,,,,,,
821,ココガラ,rookidee,,ひこう,,,,,,,,,,,
822,アオガラス,corvisquire,,ひこう,,,,,,,,,,,
823,アーマーガア,corviknight,,ひこうはがね,,,,,,,,,,,
824,サッチムシ,blipbug,,むし,,,,,,,,,,,
825,レドームシ,dottler,,むしエスパー,,,,,,,,,,,
826,イオルブ,orbeetle,,むしエスパー,,,,,,,,,,,
827,クスネ,nickit,,あく,,,,,,,,,,,
828,フォクスライ,thievul,,あく,,,,,,,,,,,
829,ヒメンカ,gossifleur,,くさ,,,,,,,,,,,
830,ワタシラガ,eldegoss,,くさ,,,,,,,,,,,
831,ウールー,wooloo,,ノーマル,,,,,,,,,,,
832,バイウールー,dubwool,,ノーマル,,,,,,,,,,,
833,カムカメ,chewtle,,みず,,,,,,,,,,,
834,カジリガメ,drednaw,,みずいわ,,,,,,,,,,,
835,ワンパチ,yamper,,でんき,,,,,,,,,,,
836,パルスワン,boltund,,でんき,,,,,,,,,,,
837,タンドン,rolycoly,,いわ,,,,,,,,,,,
838,トロッゴン,carkol,,いわほのお,,,,,,,,,,,
839,セキタンザン,coalossal,,いわほのお,,,,,,,,,,,
840,カジッチュ,applin,,くさドラゴン,,,,,,,,,,,
841,アップリュー,flapple,,くさドラゴン,,,,,,,,,,,
842,タルップル,appletun,,くさドラゴン,,,,,,,,,,,
843,スナヘビ,silicobra,,じめん,,,,,,,,,,,
844,サダイジャ,sandaconda,,じめん,,,,,,,,,,,
845,ウッウ,cramorant,,ひこうみず,,,,,,,,,,,
846,サシカマス,arrokuda,,みず,,,,,,,,,,,
847,カマスジョー,barraskewda,,みず,,,,,,,,,,,
848,エレズン,toxel,,でんきどく,,,,,,,,,,,
849,ストリンダー(ハイ),toxtricity,,でんきどく,,,,,,,,,,,
849,ストリンダー(ロー),toxtricity-low-key,,でんきどく,,,,,,,,,,,
850,ヤクデ,sizzlipede,,ほのおむし,,,,,,,,,,,
851,マルヤクデ,centiskorch,,ほのおむし,,,,,,,,,,,
852,タタッコ,clobbopus,,かくとう,,,,,,,,,,,
853,オトスパス,grapploct,,かくとう,,,,,,,,,,,
854,ヤバチャ,sinistea,,ゴースト,,,,,,,,,,,
855,ポットデス,polteageist,,ゴースト,,,,,,,,,,,
856,ミブリム,hatenna,,エスパー,,,,,,,,,,,
857,テブリム,hattrem,,エスパー,,,,,,,,,,,
858,ブリムオン,hatterene,,エスパーフェアリー,,,,,,,,,,,
859,ベロバー,impidimp,,あくフェアリー,,,,,,,,,,,
860,ギモー,morgrem,,あくフェアリー,,,,,,,,,,,
861,オーロンゲ,grimmsnarl,,あくフェアリー,,,,,,,,,,,
862,タチフサグマ,obstagoon,,あくノーマル,,,,,,,,,,,
863,ニャイキング,perrserker,,はがね,,,,,,,,,,,
864,サニゴーン,cursola,,ゴースト,,,,,,,,,,,
865,ネギガナイト,sirfetch'd,,かくとう,,,,,,,,,,,
866,バリコオル,mr. rime,,こおりエスパー,,,,,,,,,,,
867,デスバーン,runerigus,,じめんゴースト,,,,,,,,,,,
868,マホミル,milcery,,フェアリー,,,,,,,,,,,
869,マホイップ,alcremie,,フェアリー,,,,,,,,,,,
870,タイレーツ,falinks,,かくとう,,,,,,,,,,,
871,バチンウニ,pincurchin,,でんき,,,,,,,,,,,
872,ユキハミ,snom,,こおりむし,,,,,,,,,,,
873,モスノウ,frosmoth,,こおりむし,,,,,,,,,,,
874,イシヘンジン,stonjourner,,いわ,,,,,,,,,,,
875,コオリッポ(アイス),eiscue,,こおり,,,,,,,,,,,
875,コオリッポ(ナイス),eiscue-noice,,こおり,,,,,,,,,,,
876,イエッサン,indeedee,,エスパーノーマル,,,,,,,,,,,
877,モルペコ,morpeko,,でんきあく,,,,,,,,,,,
878,ゾウドウ,cufant,,はがね,,,,,,,,,,,
879,ダイオウドウ,copperajah,,はがね,,,,,,,,,,,
880,パッチラゴン,dracozolt,,でんきドラゴン,,,,,,,,,,,
881,パッチルドン,arctozolt,,でんきこおり,,,,,,,,,,,
882,ウオノラゴン,dracovish,,みずドラゴン,,,,,,,,,,,
883,ウオチルドン,arctovish,,みずこおり,,,,,,,,,,,
884,ジュラルドン,duraludon,,はがねドラゴン,,,,,,,,,,,
885,ドラメシヤ,dreepy,,ドラゴンゴースト,,,,,,,,,,,
886,ドロンチ,drakloak,,ドラゴンゴースト,,,,,,,,,,,
887,ドラパルト,dragapult,,ドラゴンゴースト,,,,,,,,,,,
888,ザシアン,zacian,,フェアリー,,,,,,,,,,,
888,ザシアン(王),zacian-crowned,,フェアリーはがね,,,,,,,,,,,
889,ザマゼンタ,zamazenta,,かくとう,,,,,,,,,,,
889,ザマゼンタ(王),zamazenta-crowned,,かくとうはがね,,,,,,,,,,,
890,ムゲンダイナ,eternatus,,どくドラゴン,,,,,,,,,,,
890,ムゲンダイナ(ムゲン),eternatus-eternamax,,どくドラゴン,,,,,,,,,,,
891,ダクマ,kubfu,,かくとう,,,,,,,,,,,
892,ウーラオス(いちげき),urshifu,,かくとうあく,,,,,,,,,,,
892,ウーラオス(れんげき),urshifu-rapid-strike,,かくとうみず,,,,,,,,,,,
893,ザルード,zarude,,あくくさ,,,,,,,,,,,
